28528,# doc = reaction_black_mirror.2.txt,,,,,,,,,,,,,,,,
28529,# speaker = A,,,,,,,,,,,,,,,,
28530,# sent = 2090,,,,,,,,,,,,,,,,
28531,,Я,Я,SPRO sg 1p - nom,,,   _Я_ должна комментировать всё,я,,,,,,SPRO,Я,SPRO sg 1p - nom,Я
28532,,должна,ДОЛЖНЫЙ,A - - sg brev f -,,,  Я _должна_ комментировать всё что,а,н,ж,л,о,д,A,ДОЛЖНЫЙ,A - - sg brev f -,Й
28533,,комментировать,КОММЕНТИРОВАТЬ,V ipf - - inf - -,,, Я должна _комментировать_ всё что я,ь,т,а,в,о,р,V,КОММЕНТИРОВАТЬ,V ipf - - inf - -,Ь
28534,,всё,ВСЕ,SPRO n inan acc sg,,,Я должна комментировать _всё_ что я вижу,ё,с,в,,,,S,ВСЕ,S n - acc sg,Е
28535,,что,ЧТО,CONJ,,,"должна комментировать всё _что_ я вижу ,",о,т,ч,,,,CONJ,ЧТО,CONJ,О
28536,,я,Я,SPRO sg 1p - nom,,,"комментировать всё что _я_ вижу , не",я,,,,,,SPRO,Я,SPRO sg 1p - nom,Я
28537,,вижу,ВИДЕТЬ,V ipf praes sg indic - 1p,,,"всё что я _вижу_ , не так",у,ж,и,в,,,V,ВИДЕТЬ,V ipf praes sg indic - 1p,Ь
28538,,",",",",PUNCT,,,,,,,,,,PUNCT,,,
28539,,не,НЕ,PART,,,"я вижу , _не_ так ли ?",е,н,,,,,PART,НЕ,PART,Е
28540,,так,ТАК,ADV -,,,"вижу , не _так_ ли ? ",к,а,т,,,,ADV,ТАК,ADV -,К
28541,,ли,ЛИ,PART,,,", не так _ли_ ?  ",и,л,,,,,PART,ЛИ,PART,И
28542,,?,?,PUNCT,,,,,,,,,,PUNCT,,,
28543,,,,,,,,,,,,,,,,,
28544,# sent = 2091,,,,,,,,,,,,,,,,
28545,# speaker = Софья,,,,,,,,,,,,,,,,
28546,# sent = 2092,,,,,,,,,,,,,,,,
28547,,Да,ДА,PART,,,   _Да_ .  ,а,д,,,,,PART,ДА,PART,А
28548,,.,.,PUNCT,,,,,,,,,,PUNCT,,,
28549,,,,,,,,,,,,,,,,,
28550,# sent = 2093,,,,,,,,,,,,,,,,
28551,# speaker = А,,,,,,,,,,,,,,,,
28552,# sent = 2094,,,,,,,,,,,,,,,,
28553,,Хорошо,ХОРОШО,ADV -,,,"   _Хорошо_ , я начинаю",о,ш,о,р,о,х,ADV,ХОРОШО,ADV -,О
28554,,",",",",PUNCT,,,,,,,,,,PUNCT,,,
28555,,я,Я,SPRO sg 1p - nom,,," Хорошо , _я_ начинаю запуск .",я,,,,,,SPRO,Я,SPRO sg 1p - nom,Я
28556,,начинаю,НАЧИНАТЬ,V ipf praes sg indic - 1p,,,"Хорошо , я _начинаю_ запуск . ",ю,а,н,и,ч,а,V,НАЧИНАТЬ,V ipf praes sg indic - 1p,Ь
28557,,запуск,ЗАПУСК,S m inan acc sg,,,", я начинаю _запуск_ .  ",к,с,у,п,а,з,S,ЗАПУСК,S m inan nom sg,К
28558,,.,.,PUNCT,,,,,,,,,,PUNCT,,,
28559,,,,,,,,,,,,,,,,,
28560,# sent = 2095,,,,,,,,,,,,,,,,
28561,,Эээ,ЭЭЭ,INTJ,,,.   _Эээ_ ...  ,э,э,э,,,,NONLEX,ЭЭЭ,NONLEX,Э
28562,,...,...,PUNCT,,,,,,,,,,PUNCT,,,
28563,,,,,,,,,,,,,,,,,
28564,# sent = 2096,,,,,,,,,,,,,,,,
28565,,Заставка,ЗАСТАВКА,S f inan nom sg,,,...   _Заставка_ выглядит довольно стильно,а,к,в,а,т,с,S,ЗАСТАВКА,S m anim nom sg,А
28566,,выглядит,ВЫГЛЯДЕТЬ,V ipf praes sg indic - 3p,,,"  Заставка _выглядит_ довольно стильно ,",т,и,д,я,л,г,V,ВЫГЛЯДЕТЬ,V ipf praes sg indic - 3p,Ь
28567,,довольно,ДОВОЛЬНО,ADV -,,," Заставка выглядит _довольно_ стильно , в",о,н,ь,л,о,в,ADV,ДОВОЛЬНО,ADV -,О
28568,,стильно,СТИЛЬНО,ADV -,,,"Заставка выглядит довольно _стильно_ , в любом",о,н,ь,л,и,т,ADV,СТИЛЬНО,ADV -,О
28569,,",",",",PUNCT,,,,,,,,,,PUNCT,,,
28570,,в,В,PR,,,"довольно стильно , _в_ любом случае .",в,,,,,,PR,В,PR,В
28571,,любом,ЛЮБОЙ,A - loc sg plen m -,,,"стильно , в _любом_ случае . ",м,о,б,ю,л,,A,ЛЮБОЙ,A - loc sg plen m -,Й
28572,,случае,СЛУЧАЙ,S m inan loc sg,,,", в любом _случае_ .  ",е,а,ч,у,л,с,S,СЛУЧАЙ,S m inan loc sg,Й
28573,,.,.,PUNCT,,,,,,,,,,PUNCT,,,
28574,,,,,,,,,,,,,,,,,
28575,# sent = 2097,,,,,,,,,,,,,,,,
28576,,Ещё,ЕЩЕ,ADV -,,,.   _Ещё_ мне не нравится,ё,щ,е,,,,ADV,ЕЩЕ,ADV -,Е
28577,,мне,Я,SPRO sg 1p - dat,,,  Ещё _мне_ не нравится немного,е,н,м,,,,SPRO,Я,SPRO sg 1p - dat,Я
28578,,не,НЕ,PART,,, Ещё мне _не_ нравится немного озвучка,е,н,,,,,PART,НЕ,PART,Е
28579,,нравится,НРАВИТЬСЯ,V ipf praes sg indic - 3p,,,Ещё мне не _нравится_ немного озвучка ...,я,с,т,и,в,а,V,НРАВИТЬСЯ,V ipf praes sg indic - 3p,Я
28580,,немного,НЕМНОГО,ADV -,,,мне не нравится _немного_ озвучка ... ,о,г,о,н,м,е,ADV,НЕМНОГО,ADV -,О
28581,,озвучка,ОЗВУЧКА,S f inan nom sg,,,не нравится немного _озвучка_ ...  ,а,к,ч,у,в,з,S,ОЗВУЧКА,S f inan nom sg,А
28582,,...,...,PUNCT,,,,,,,,,,PUNCT,,,
28583,,,,,,,,,,,,,,,,,
28584,# sent = 2098,,,,,,,,,,,,,,,,
28585,,Что,ЧТО,SPRO n inan nom sg,,,"...   _Что_ за название """,о,т,ч,,,,SPRO,ЧТО,S n - nom sg,О
28586,,за,ЗА,PR,,,"  Что _за_ название "" Кубик",а,з,,,,,PR,ЗА,PR,А
28587,,название,НАЗВАНИЕ,S n inan acc sg,,," Что за _название_ "" Кубик в",е,и,н,а,в,з,S,НАЗВАНИЕ,S n inan acc sg,Е
28588,,"""","""",PUNCT,,,,,,,,,,PUNCT,,,
28589,,Кубик,КУБИК,S m inan nom sg,,,"за название "" _Кубик_ в кубе """,к,и,б,у,к,,S,КУБИК,S m inan gen sg,К
28590,,в,В,PR,,,"название "" Кубик _в_ кубе "" ?",в,,,,,,PR,В,PR,В
28591,,кубе,КУБ,S m inan nom sg,,,""" Кубик в _кубе_ "" ? ",е,б,у,к,,,S,КУБА,S f inan loc sg,Б
28592,,"""","""",PUNCT,,,,,,,,,,PUNCT,,,
28593,,?,?,PUNCT,,,,,,,,,,PUNCT,,,
28594,,,,,,,,,,,,,,,,,
28595,# sent = 2099,,,,,,,,,,,,,,,,
28596,,Неужели,НЕУЖЕЛИ,PART,,,?   _Неужели_  нормальное название,и,л,е,ж,у,е,PART,НЕУЖЕЛИ,PART,И
28597,<noindex>[нрзб]</noindex>,,,,,,,,,,,,,,,,
28598,,нормальное,НОРМАЛЬНЫЙ,A - acc sg plen n inan,,, Неужели  _нормальное_ название студии озвучки,е,о,н,ь,л,а,A,НОРМАЛЬНЫЙ,A - acc sg plen n inan,Й
28599,,название,НАЗВАНИЕ,S n inan acc sg,,,Неужели  нормальное _название_ студии озвучки ?,е,и,н,а,в,з,S,НАЗВАНИЕ,S n inan acc sg,Е
28600,,студии,СТУДИЯ,S f inan gen sg,,, нормальное название _студии_ озвучки ? ,и,и,д,у,т,с,S,СТУДИЯ,S f inan gen sg,Я
28601,,озвучки,ОЗВУЧКА,S f inan gen sg,,,нормальное название студии _озвучки_ ?  ,и,к,ч,у,в,з,S,ОЗВУЧКА,S f inan acc pl,А
28602,,?,?,PUNCT,,,,,,,,,,PUNCT,,,
28603,,,,,,,,,,,,,,,,,
28604,# sent = 2100,,,,,,,,,,,,,,,,
28605,# speaker = Софья,,,,,,,,,,,,,,,,
28606,# sent = 2101,,,,,,,,,,,,,,,,
28607,,А,А,INTJ,слитно,,"   _А_ - а ,",а,,,,,,INTJ,А,S - - nonflex -,А
28608,,-,-,PUNCT,,,,,,,,,,PUNCT,,,
28609,,а,А,INTJ,слитно,," А - _а_ , вроде это",а,,,,,,CONJ,А,CONJ,А
28610,,",",",",PUNCT,,,,,,,,,,PUNCT,,,
28611,,вроде,ВРОДЕ,PART,,,"- а , _вроде_ это довольно известная",е,д,о,р,в,,PART,ВРОДЕ,PART,Е
28612,,это,ЭТО,SPRO n - nom sg,,,"а , вроде _это_ довольно известная студия",о,т,э,,,,SPRO,ЭТО,S n - nom sg,О
28613,,довольно,ДОВОЛЬНО,ADV -,,,", вроде это _довольно_ известная студия озвучки",о,н,ь,л,о,в,ADV,ДОВОЛЬНО,ADV -,О
28614,,известная,ИЗВЕСТНЫЙ,A - nom sg plen f -,,,вроде это довольно _известная_ студия озвучки .,я,а,н,т,с,е,A,ИЗВЕСТНЫЙ,A - nom sg plen f -,Й
28615,,студия,СТУДИЯ,S f inan nom sg,,,это довольно известная _студия_ озвучки . ,я,и,д,у,т,с,S,СТУДИЯ,S f inan nom sg,Я
28616,,озвучки,ОЗВУЧКА,S f inan gen sg,,,довольно известная студия _озвучки_ .  ,и,к,ч,у,в,з,S,ОЗВУЧКА,S f inan acc pl,А
28617,,.,.,PUNCT,,,,,,,,,,PUNCT,,,
28618,,,,,,,,,,,,,,,,,
28619,# sent = 2102,,,,,,,,,,,,,,,,
28620,# speaker = А,,,,,,,,,,,,,,,,
28621,# sent = 2103,,,,,,,,,,,,,,,,
28622,,Впервые,ВПЕРВЫЕ,ADV -,,,   _Впервые_ с ней сталкиваюсь,е,ы,в,р,е,п,ADV,ВПЕРВЫЕ,ADV -,Е
28623,,с,С,PR,,,  Впервые _с_ ней сталкиваюсь .,с,,,,,,PR,С,PR,С
28624,,ней,ОНА,SPRO sg 3p f loc,,, Впервые с _ней_ сталкиваюсь . ,й,е,н,,,,SPRO,ОНА,SPRO sg 3p f loc,А
28625,,сталкиваюсь,СТАЛКИВАТЬСЯ,V ipf praes sg indic - 1p,,,Впервые с ней _сталкиваюсь_ .  ,ь,с,ю,а,в,и,V,СТАЛКИВАТЬСЯ,V ipf praes sg indic - 1p,Я
28626,,.,.,PUNCT,,,,,,,,,,PUNCT,,,
28627,,,,,,,,,,,,,,,,,
28628,# sent = 2104,,,,,,,,,,,,,,,,
28629,,В,В,PR,,,.   _В_ любом случае они,в,,,,,,PR,В,PR,В
28630,,любом,ЛЮБОЙ,A - loc sg plen m -,,,  В _любом_ случае они не,м,о,б,ю,л,,A,ЛЮБОЙ,A - loc sg plen m -,Й
28631,,случае,СЛУЧАЙ,S m inan loc sg,,, В любом _случае_ они не убирают,е,а,ч,у,л,с,S,СЛУЧАЙ,S m inan loc sg,Й
28632,,они,ОНИ,SPRO pl - - nom,,,В любом случае _они_ не убирают заднюю,и,н,о,,,,SPRO,ОНИ,SPRO pl - - nom,И
28633,,не,НЕ,PART,,,"любом случае они _не_ убирают заднюю ,",е,н,,,,,PART,НЕ,PART,Е
28634,,убирают,УБИРАТЬ,V ipf praes pl indic - 3p,,,"случае они не _убирают_ заднюю , эм",т,ю,а,р,и,б,V,УБИРАТЬ,V ipf praes pl indic - 3p,Ь
28635,,заднюю,ЗАДНИЙ,A - acc sg plen f -,,,"они не убирают _заднюю_ , эм ,",ю,ю,н,д,а,з,A,ЗАДНИЙ,A - acc sg plen f -,Й
28636,,",",",",PUNCT,,,,,,,,,,PUNCT,,,
28637,,эм,ЭМ,INTJ,,,"убирают заднюю , _эм_ , хотела сказать",м,э,,,,,INTJ,ЭМ,S n inan nonflex -,М
28638,,",",",",PUNCT,,,,,,,,,,PUNCT,,,
28639,,хотела,ХОТЕТЬ,V ipf praet sg indic f -,,,", эм , _хотела_ сказать задний подкаст",а,л,е,т,о,х,V,ХОТЕТЬ,V ipf praet sg indic f -,Ь
28640,,сказать,СКАЗАТЬ,V pf - - inf - -,,,"эм , хотела _сказать_ задний подкаст ,",ь,т,а,з,а,к,V,СКАЗАТЬ,V pf - - inf - -,Ь
28641,,задний,ЗАДНИЙ,A - acc sg plen m inan,,,", хотела сказать _задний_ подкаст , они",й,и,н,д,а,з,A,ЗАДНИЙ,A - acc sg plen m inan,Й
28642,,подкаст,ПОДКАСТ,S m inan acc sg,,,"хотела сказать задний _подкаст_ , они не",т,с,а,к,д,о,S,ПОДКАСТ,S m inan acc sg,Т
28643,,",",",",PUNCT,,,,,,,,,,PUNCT,,,
28644,,они,ОНИ,SPRO pl - - nom,,,"задний подкаст , _они_ не убирают оригинальную",и,н,о,,,,SPRO,ОНИ,SPRO pl - - nom,И
28645,,не,НЕ,PART,,,"подкаст , они _не_ убирают оригинальную озвучку",е,н,,,,,PART,НЕ,PART,Е
28646,,убирают,УБИРАТЬ,V ipf praes pl indic - 3p,,,", они не _убирают_ оригинальную озвучку и",т,ю,а,р,и,б,V,УБИРАТЬ,V ipf praes pl indic - 3p,Ь
28647,,оригинальную,ОРИГИНАЛЬНЫЙ,A - acc sg plen f -,,,они не убирают _оригинальную_ озвучку и прям,ю,у,н,ь,л,а,A,ОРИГИНАЛЬНЫЙ,A - acc sg plen f -,Й
28648,,озвучку,ОЗВУЧКА,S f inan acc sg,,,не убирают оригинальную _озвучку_ и прям на,у,к,ч,у,в,з,S,ОЗВУЧКА,S f inan acc sg,А
28649,,и,И,CONJ,,,убирают оригинальную озвучку _и_ прям на неё,и,,,,,,CONJ,И,CONJ,И
28650,,прям,ПРЯМОЙ,PART,,,оригинальную озвучку и _прям_ на неё наслаивают,м,я,р,п,,,A,ПРЯМОЙ,A - - sg brev m -,Й
28651,,на,НА,PR,,,озвучку и прям _на_ неё наслаивают свою,а,н,,,,,PR,НА,PR,А
28652,,неё,ОНА,SPRO sg 3p f acc,,,и прям на _неё_ наслаивают свою там,ё,е,н,,,,SPRO,ОНА,SPRO sg 3p f acc,А
28653,,наслаивают,НАСЛАИВАТЬ,V ipf praes pl indic - 3p,,,прям на неё _наслаивают_ свою там двух,т,ю,а,в,и,а,V,НАСЛАИВАТЬ,V ipf praes pl indic - 3p,Ь
28654,,свою,СВОЙ,APRO - acc sg plen f -,,,на неё наслаивают _свою_ там двух или,ю,о,в,с,,,APRO,СВОЙ,A - acc sg plen f -,Й
28655,,там,ТАМ,ADV -,,,неё наслаивают свою _там_ двух или трёхголосую,м,а,т,,,,ADV,ТАМ,ADV -,М
28656,,двух,ДВА,NUM loc - -,,,наслаивают свою там _двух_ или трёхголосую ,х,у,в,д,,,NUM,ДВА,NUM loc - -,А
28657,,или,ИЛИ,CONJ,,,свою там двух _или_ трёхголосую  ,и,л,и,,,,CONJ,ИЛИ,CONJ,И
28658,,трёхголосую,ТРЕХГОЛОСЫЙ,A - acc sg plen f -,,,там двух или _трёхголосую_   ,ю,у,с,о,л,о,A,ТРЕХГОЛОСЫЙ,A - acc sg plen f -,Й
28659,,,,,,,,,,,,,,,,,
28660,# sent = 2105,,,,,,,,,,,,,,,,
28661,# speaker = Софья,,,,,,,,,,,,,,,,
28662,# sent = 2106,,,,,,,,,,,,,,,,
28663,,В,В,PR,,,"   _В_ принципе , да",в,,,,,,PR,В,PR,В
28664,,принципе,ПРИНЦИП,S m inan loc sg,,,"  В _принципе_ , да ,",е,п,и,ц,н,и,S,ПРИНЦИП,S m inan loc sg,П
28665,,",",",",PUNCT,,,,,,,,,,PUNCT,,,
28666,,да,ДА,CONJ,,,"В принципе , _да_ , ум ,",а,д,,,,,CONJ,ДА,CONJ,А
28667,,",",",",PUNCT,,,,,,,,,,PUNCT,,,
28668,,ум,УМ,INTJ,,,", да , _ум_ , довольно часто",м,у,,,,,S,УМ,S m inan acc sg,М
28669,,",",",",PUNCT,,,,,,,,,,PUNCT,,,
28670,,довольно,ДОВОЛЬНО,ADV -,,,", ум , _довольно_ часто встречающаяся вещь",о,н,ь,л,о,в,ADV,ДОВОЛЬНО,ADV -,О
28671,,часто,ЧАСТО,ADV -,,,"ум , довольно _часто_ встречающаяся вещь ,",о,т,с,а,ч,,ADV,ЧАСТО,ADV -,О
28672,,встречающаяся,ВСТРЕЧАТЬСЯ,PARTCP ipf inpraes nom sg plen f act -,,,", довольно часто _встречающаяся_ вещь , а",я,с,я,а,щ,ю,PARTCP,ВСТРЕЧАТЬСЯ,PARTCP ipf inpraes nom sg plen f act -,Я
28673,,вещь,ВЕЩЬ,S f inan nom sg,,,"довольно часто встречающаяся _вещь_ , а -",ь,щ,е,в,,,S,ВЕЩЬ,S f inan nom sg,Ь
28674,,",",",",PUNCT,,,,,,,,,,PUNCT,,,
28675,,а,А,INTJ,слитно,,"встречающаяся вещь , _а_ - а -",а,,,,,,CONJ,А,CONJ,А
28676,,-,-,PUNCT,,,,,,,,,,PUNCT,,,
28677,,а,А,INTJ,слитно,,", а - _а_ - а ,",а,,,,,,CONJ,А,CONJ,А
28678,,-,-,PUNCT,,,,,,,,,,PUNCT,,,
28679,,а,А,INTJ,слитно,,"- а - _а_ , типа чтобы",а,,,,,,CONJ,А,CONJ,А
28680,,",",",",PUNCT,,,,,,,,,,PUNCT,,,
28681,,типа,ТИПА,PART,,,"- а , _типа_ чтобы э -",а,п,и,т,,,PART,ТИПА,PART,А
28682,,чтобы,ЧТОБЫ,CONJ,,,"а , типа _чтобы_ э - э",ы,б,о,т,ч,,CONJ,ЧТОБЫ,CONJ,Ы
28683,,э,Э,INTJ,,,", типа чтобы _э_ - э ,",э,,,,,,INTJ,Э,S - - nonflex -,Э
28684,,-,-,PUNCT,,,,,,,,,,PUNCT,,,
28685,,э,Э,INTJ,,,"чтобы э - _э_ , слушающий слышал",э,,,,,,INTJ,Э,INTJ,Э
28686,,",",",",PUNCT,,,,,,,,,,PUNCT,,,
28687,,слушающий,СЛУШАЮЩИЙ,S m anim nom sg,,,"- э , _слушающий_ слышал и оригинальные",й,и,щ,ю,а,ш,S,СЛУШАЮЩИЙ,S m anim nom sg,Й
28688,,слышал,СЛЫШАТЬ,V ipf praet sg indic m -,,,"э , слушающий _слышал_ и оригинальные голоса",л,а,ш,ы,л,с,V,СЛЫШАТЬ,V ipf praet sg indic m -,Ь
28689,,и,И,CONJ,,,", слушающий слышал _и_ оригинальные голоса .",и,,,,,,CONJ,И,CONJ,И
28690,,оригинальные,ОРИГИНАЛЬНЫЙ,A - nom pl plen - -,,,слушающий слышал и _оригинальные_ голоса . ,е,ы,н,ь,л,а,A,ОРИГИНАЛЬНЫЙ,A - nom pl plen - -,Й
28691,,голоса,ГОЛОС,S m inan acc pl,,,слышал и оригинальные _голоса_ .  ,а,с,о,л,о,г,S,ГОЛОС,S m inan nom pl,С
28692,,.,.,PUNCT,,,,,,,,,,PUNCT,,,
28693,,,,,,,,,,,,,,,,,
28694,# sent = 2107,,,,,,,,,,,,,,,,
28695,# speaker = А,,,,,,,,,,,,,,,,
28696,# sent = 2108,,,,,,,,,,,,,,,,
28697,,Ну,НУ,PART,,,"   _Ну_ , конечно ,",у,н,,,,,PART,НУ,PART,У
28698,,",",",",PUNCT,,,,,,,,,,PUNCT,,,
28699,,конечно,КОНЕЧНО,ADV -,,," Ну , _конечно_ , я понимаю",о,н,ч,е,н,о,ADV,КОНЕЧНО,ADV -,О
28700,,",",",",PUNCT,,,,,,,,,,PUNCT,,,
28701,,я,Я,SPRO sg 1p - nom,,,", конечно , _я_ понимаю , что",я,,,,,,SPRO,Я,SPRO sg 1p - nom,Я
28702,,понимаю,ПОНИМАТЬ,V ipf praes sg indic - 1p,,,"конечно , я _понимаю_ , что голоса",ю,а,м,и,н,о,V,ПОНИМАТЬ,V ipf praes sg indic - 1p,Ь
28703,,",",",",PUNCT,,,,,,,,,,PUNCT,,,
28704,,что,ЧТО,CONJ,,,"я понимаю , _что_ голоса друг на",о,т,ч,,,,CONJ,ЧТО,CONJ,О
28705,,голоса,ГОЛОС,S m inan nom pl,,,"понимаю , что _голоса_ друг на друга",а,с,о,л,о,г,S,ГОЛОС,S m inan nom pl,С
28706,,друг,ДРУГ,S - - nom sg,,,", что голоса _друг_ на друга наслаиваются",г,у,р,д,,,S,ДРУГ,S - - nom sg,Г
28707,,на,НА,PR,,,что голоса друг _на_ друга наслаиваются и,а,н,,,,,PR,НА,PR,А
28708,,друга,ДРУГ,S - - gen sg,,,голоса друг на _друга_ наслаиваются и дают,а,г,у,р,д,,S,ДРУГ,S - - gen sg,Г
28709,,наслаиваются,НАСЛАИВАТЬСЯ,V ipf praes pl indic - 3p,,,друг на друга _наслаиваются_ и дают какой-то,я,с,т,ю,а,в,V,НАСЛАИВАТЬСЯ,V ipf praes pl indic - 3p,Я
28710,,и,И,CONJ,,,на друга наслаиваются _и_ дают какой-то посл,и,,,,,,CONJ,И,CONJ,И
28711,,дают,ДАВАТЬ,V ipf praes pl indic - 3p,,,друга наслаиваются и _дают_ какой-то посл ...,т,ю,а,д,,,V,ДАВАТЬ,V ipf praes pl indic - 3p,Ь
28712,,какой-то,КАКОЙ-ТО,APRO - acc sg plen m inan,,,наслаиваются и дают _какой-то_ посл ... другой,о,т,-,й,о,к,APRO,КАКОЙ-ТО,A - acc sg plen m inan,О
28713,,посл,ПОСЛ,NONLEX,,,и дают какой-то _посл_ ... другой эффект,л,с,о,п,,,NONLEX,ПОСЛ,NONLEX,Л
28714,,...,...,PUNCT,,,,,,,,,,PUNCT,,,
28715,,другой,ДРУГОЙ,A - acc sg plen m -,,,"какой-то посл ... _другой_ эффект , но",й,о,г,у,р,д,A,ДРУГОЙ,A - nom sg plen m -,Й
28716,,эффект,ЭФФЕКТ,S m inan acc sg,,,"посл ... другой _эффект_ , но ,",т,к,е,ф,ф,э,S,ЭФФЕКТ,S m inan nom sg,Т
28717,,",",",",PUNCT,,,,,,,,,,PUNCT,,,
28718,,но,НО,CONJ,,,"другой эффект , _но_ , блин ,",о,н,,,,,CONJ,НО,CONJ,О
28719,,",",",",PUNCT,,,,,,,,,,PUNCT,,,
28720,,блин,БЛИН,INTJ,,,", но , _блин_ , это не то",н,и,л,б,,,S,БЛИН,S m inan nom sg,Н
28721,,",",",",PUNCT,,,,,,,,,,PUNCT,,,
28722,,это,ЭТО,SPRO n - nom sg,,,", блин , _это_ не то , что",о,т,э,,,,SPRO,ЭТО,S n - nom sg,О
28723,,не то,не то,CONJ,,,"блин , это _не то_ , что мне",о,т, ,е,н,,CONJ,не то,CONJ,о
28724,,",",",",PUNCT,,,,,,,,,,PUNCT,,,
28725,,что,ЧТО,CONJ,,,"это не то , _что_ мне нравится .",о,т,ч,,,,CONJ,ЧТО,CONJ,О
28726,,мне,Я,SPRO sg 1p - dat,,,"не то , что _мне_ нравится . ",е,н,м,,,,SPRO,Я,SPRO sg 1p - dat,Я
28727,,нравится,НРАВИТЬСЯ,V ipf praes sg indic - 3p,,,", что мне _нравится_ .  ",я,с,т,и,в,а,V,НРАВИТЬСЯ,V ipf praes sg indic - 3p,Я
28728,,.,.,PUNCT,,,,,,,,,,PUNCT,,,
28729,,,,,,,,,,,,,,,,,
28730,# sent = 2109,,,,,,,,,,,,,,,,
28731,,Ещё,ЕЩЕ,ADV -,,,.   _Ещё_ я не могу,ё,щ,е,,,,ADV,ЕЩЕ,ADV -,Е
28732,,я,Я,SPRO sg 1p - nom,,,  Ещё _я_ не могу в,я,,,,,,SPRO,Я,SPRO sg 1p - nom,Я
28733,,не,НЕ,PART,,, Ещё я _не_ могу в два,е,н,,,,,PART,НЕ,PART,Е
28734,,могу,МОЧЬ,V ipf praes sg indic - 1p,,,Ещё я не _могу_ в два канала,у,г,о,м,,,V,МОЧЬ,V ipf praes sg indic - 1p,Ь
28735,,в,В,PR,,,я не могу _в_ два канала говорить,в,,,,,,PR,В,PR,В
28736,,два,ДВА,NUM acc m inan,,,не могу в _два_ канала говорить поверх,а,в,д,,,,NUM,ДВА,NUM acc m inan,А
28737,,канала,КАНАЛ,S m inan adnum sg,,,могу в два _канала_ говорить поверх кого-то,а,л,а,н,а,к,S,КАНАЛ,S m inan gen sg,Л
28738,,говорить,ГОВОРИТЬ,V ipf - - inf - -,,,в два канала _говорить_ поверх кого-то .,ь,т,и,р,о,в,V,ГОВОРИТЬ,V ipf - - inf - -,Ь
28739,,поверх,ПОВЕРХ,PR,,,два канала говорить _поверх_ кого-то . ,х,р,е,в,о,п,PR,ПОВЕРХ,PR,Х
28740,,кого-то,КТО-ТО,SPRO m - gen sg,,,канала говорить поверх _кого-то_ .  ,о,т,-,о,г,о,S,КТО-ТО,S m - gen sg,О
28741,,.,.,PUNCT,,,,,,,,,,PUNCT,,,
28742,,,,,,,,,,,,,,,,,
28743,# sent = 2110,,,,,,,,,,,,,,,,
28744,,Так,ТАК,PARENTH,,,".   _Так_ , мне нужно",к,а,т,,,,ADV,ТАК,ADV -,К
28745,,",",",",PUNCT,,,,,,,,,,PUNCT,,,
28746,,мне,Я,SPRO sg 1p - dat,,," Так , _мне_ нужно сначала себя",е,н,м,,,,SPRO,Я,SPRO sg 1p - dat,Я
28747,,нужно,НУЖНО,PRAEDIC,,,"Так , мне _нужно_ сначала себя услышать",о,н,ж,у,н,,PRAEDIC,НУЖНО,ADV -,О
28748,,сначала,СНАЧАЛА,ADV -,,,", мне нужно _сначала_ себя услышать ,",а,л,а,ч,а,н,ADV,СНАЧАЛА,ADV -,А
28749,,себя,СЕБЯ,SPRO - - - acc,,,"мне нужно сначала _себя_ услышать , а",я,б,е,с,,,SPRO,СЕБЯ,SPRO - - - acc,Я
28750,,услышать,УСЛЫШАТЬ,V pf - - inf - -,,,"нужно сначала себя _услышать_ , а потом",ь,т,а,ш,ы,л,V,УСЛЫШАТЬ,V pf - - inf - -,Ь
28751,,",",",",PUNCT,,,,,,,,,,PUNCT,,,
28752,,а,А,CONJ,,,"себя услышать , _а_ потом услышать то",а,,,,,,CONJ,А,CONJ,А
28753,,потом,ПОТОМ,ADV -,,,"услышать , а _потом_ услышать то ,",м,о,т,о,п,,ADV,ПОТОМ,ADV -,М
28754,,услышать,УСЛЫШАТЬ,V pf - - inf - -,,,", а потом _услышать_ то , что",ь,т,а,ш,ы,л,V,УСЛЫШАТЬ,V pf - - inf - -,Ь
28755,,то,ТО,SPRO n - acc sg,,,"а потом услышать _то_ , что происходит",о,т,,,,,SPRO,ТО,S n - acc sg,О
28756,,",",",",PUNCT,,,,,,,,,,PUNCT,,,
28757,,что,ЧТО,CONJ,,,"услышать то , _что_ происходит здесь .",о,т,ч,,,,CONJ,ЧТО,CONJ,О
28758,,происходит,ПРОИСХОДИТЬ,V ipf praes sg indic - 3p,,,"то , что _происходит_ здесь . ",т,и,д,о,х,с,V,ПРОИСХОДИТЬ,V ipf praes sg indic - 3p,Ь
28759,,здесь,ЗДЕСЬ,ADV -,,,", что происходит _здесь_ .  ",ь,с,е,д,з,,ADV,ЗДЕСЬ,ADV -,Ь
28760,,.,.,PUNCT,,,,,,,,,,PUNCT,,,
28761,,,,,,,,,,,,,,,,,
28762,# sent = 2111,,,,,,,,,,,,,,,,
28763,,Эммм,ЭМММ,INTJ,,,".   _Эммм_ , ну и",м,м,м,э,,,S,ЭМММ,S n inan loc sg,М
28764,,",",",",PUNCT,,,,,,,,,,PUNCT,,,
28765,,ну,НУ,PART,,," Эммм , _ну_ и сериал выглядит",у,н,,,,,PART,НУ,PART,У
28766,,и,И,CONJ,,,"Эммм , ну _и_ сериал выглядит довольно",и,,,,,,CONJ,И,CONJ,И
28767,,сериал,СЕРИАЛ,S m inan nom sg,,,", ну и _сериал_ выглядит довольно стильно",л,а,и,р,е,с,S,СЕРИАЛ,S m inan nom sg,Л
28768,,выглядит,ВЫГЛЯДЕТЬ,V ipf praes sg indic - 3p,,,ну и сериал _выглядит_ довольно стильно в,т,и,д,я,л,г,V,ВЫГЛЯДЕТЬ,V ipf praes sg indic - 3p,Ь
28769,,довольно,ДОВОЛЬНО,ADV -,,,и сериал выглядит _довольно_ стильно в любом,о,н,ь,л,о,в,ADV,ДОВОЛЬНО,ADV -,О
28770,,стильно,СТИЛЬНО,ADV -,,,сериал выглядит довольно _стильно_ в любом случае,о,н,ь,л,и,т,ADV,СТИЛЬНО,ADV -,О
28771,,в,В,PR,,,выглядит довольно стильно _в_ любом случае .,в,,,,,,PR,В,PR,В
28772,,любом,ЛЮБОЙ,A - loc sg plen m -,,,довольно стильно в _любом_ случае . ,м,о,б,ю,л,,A,ЛЮБОЙ,A - loc sg plen m -,Й
28773,,случае,СЛУЧАЙ,S m inan loc sg,,,стильно в любом _случае_ .  ,е,а,ч,у,л,с,S,СЛУЧАЙ,S m inan loc sg,Й
28774,,.,.,PUNCT,,,,,,,,,,PUNCT,,,
28775,,,,,,,,,,,,,,,,,
28776,# sent = 2112,,,,,,,,,,,,,,,,
28777,# speaker = Софья,,,,,,,,,,,,,,,,
28778,# sent = 2113,,,,,,,,,,,,,,,,
28779,,Угу,УГУ,INTJ,,,   _Угу_ .  ,у,г,у,,,,INTJ,УГУ,INTJ,У
28780,,.,.,PUNCT,,,,,,,,,,PUNCT,,,
28781,,,,,,,,,,,,,,,,,
28782,# sent = 2114,,,,,,,,,,,,,,,,
28783,# speaker = A,,,,,,,,,,,,,,,,
28784,# sent = 2115,,,,,,,,,,,,,,,,
28785,,Он,ОН,SPRO sg 3p m nom,,,   _Он_ весь стильный и,н,о,,,,,SPRO,ОН,SPRO sg 3p m nom,Н
28786,,весь,ВЕСЬ,APRO - nom sg plen m -,,,  Он _весь_ стильный и мне,ь,с,е,в,,,APRO,ВЕСЬ,A - nom sg plen m -,Ь
28787,,стильный,СТИЛЬНЫЙ,A - nom sg plen m -,,, Он весь _стильный_ и мне даже,й,ы,н,ь,л,и,A,СТИЛЬНЫЙ,A - nom sg plen m -,Й
28788,,и,И,CONJ,,,Он весь стильный _и_ мне даже немного,и,,,,,,CONJ,И,CONJ,И
28789,,мне,Я,SPRO sg 1p - dat,,,весь стильный и _мне_ даже немного плохо,е,н,м,,,,SPRO,Я,SPRO sg 1p - dat,Я
28790,,даже,ДАЖЕ,PART,,,стильный и мне _даже_ немного плохо от,е,ж,а,д,,,PART,ДАЖЕ,PART,Е
28791,,немного,НЕМНОГО,ADV -,,,и мне даже _немного_ плохо от этого,о,г,о,н,м,е,ADV,НЕМНОГО,ADV -,О
28792,,плохо,ПЛОХО,ADV -,,,мне даже немного _плохо_ от этого ,о,х,о,л,п,,ADV,ПЛОХО,ADV -,О
28793,,от,ОТ,PR,,,даже немного плохо _от_ этого  ,т,о,,,,,PR,ОТ,PR,Т
28794,,этого,ЭТОТ,APRO - gen sg plen m -,,,немного плохо от _этого_   ,о,г,о,т,э,,APRO,ЭТОТ,A - acc sg plen m anim,Т
28795,,,,,,,,,,,,,,,,,
28796,# sent = 2116,,,,,,,,,,,,,,,,
28797,# speaker = Софья,,,,,,,,,,,,,,,,
28798,# sent = 2117,,,,,,,,,,,,,,,,
28799,,Ну,НУ,PART,,,"   _Ну_ он , как бы",у,н,,,,,PART,НУ,PART,У
28800,,он,ОН,SPRO sg 3p m nom,,,"  Ну _он_ , как бы ,",н,о,,,,,SPRO,ОН,SPRO sg 3p m nom,Н
28801,,",",",",PUNCT,,,,,,,,,,PUNCT,,,
28802,,как бы,как бы,PART,,,"Ну он , _как бы_ , от серии",ы,б, ,к,а,к,PART,как бы,ADV -,ы
28803,,",",",",PUNCT,,,,,,,,,,PUNCT,,,
28804,,от,ОТ,PR,,,", как бы , _от_ серии к серии",т,о,,,,,PR,ОТ,PR,Т
28805,,серии,СЕРИЯ,S f inan loc sg,,,"как бы , от _серии_ к серии у",и,и,р,е,с,,S,СЕРИЯ,S f inan loc sg,Я
28806,,к,К,PR,,,", от серии _к_ серии у них",к,,,,,,PR,К,PR,К
28807,,серии,СЕРИЯ,S f inan loc sg,,,от серии к _серии_ у них в,и,и,р,е,с,,S,СЕРИЯ,S f inan loc sg,Я
28808,,у,У,PR,,,серии к серии _у_ них в принципе,у,,,,,,PR,У,PR,У
28809,,них,ОНИ,SPRO pl - - loc,,,к серии у _них_ в принципе разные,х,и,н,,,,SPRO,ОНИ,SPRO pl - - loc,И
28810,,в,В,PR,,,серии у них _в_ принципе разные разные,в,,,,,,PR,В,PR,В
28811,,принципе,ПРИНЦИП,S m inan loc sg,,,у них в _принципе_ разные разные режиссеры,е,п,и,ц,н,и,S,ПРИНЦИП,S m inan loc sg,П
28812,,разные,РАЗНЫЙ,A - acc pl plen - inan,,,них в принципе _разные_ разные режиссеры и,е,ы,н,з,а,р,A,РАЗНЫЙ,A - acc pl plen - inan,Й
28813,,разные,РАЗНЫЙ,A - acc pl plen - inan,повтор,,в принципе разные _разные_ режиссеры и ...,е,ы,н,з,а,р,A,РАЗНЫЙ,A - acc pl plen - inan,Й
28814,,режиссеры,РЕЖИССЕР,S m anim acc pl,,,принципе разные разные _режиссеры_ и ... ,ы,р,е,с,с,и,S,РЕЖИССЕР,S m inan acc pl,Р
28815,,и,И,CONJ,,,разные разные режиссеры _и_ ...  ,и,,,,,,CONJ,И,CONJ,И
28816,,...,...,PUNCT,,,,,,,,,,PUNCT,,,
28817,,,,,,,,,,,,,,,,,
28818,# sent = 2118,,,,,,,,,,,,,,,,
28819,# speaker = A,,,,,,,,,,,,,,,,
28820,# sent = 2119,,,,,,,,,,,,,,,,
28821,,А,А,INTJ,,,"   _А_ , разные режиссеры",а,,,,,,CONJ,А,CONJ,А
28822,,",",",",PUNCT,,,,,,,,,,PUNCT,,,
28823,,разные,РАЗНЫЙ,A - nom pl plen - -,,," А , _разные_ режиссеры ? ",е,ы,н,з,а,р,A,РАЗНЫЙ,A - nom pl plen - -,Й
28824,,режиссеры,РЕЖИССЕР,S m anim nom pl,,,"А , разные _режиссеры_ ?  ",ы,р,е,с,с,и,S,РЕЖИССЕР,S m anim nom pl,Р
28825,,?,?,PUNCT,,,,,,,,,,PUNCT,,,
28826,,,,,,,,,,,,,,,,,
28827,# sent = 2120,,,,,,,,,,,,,,,,
28828,# speaker = Софья,,,,,,,,,,,,,,,,
28829,# sent = 2121,,,,,,,,,,,,,,,,
28830,,Да,ДА,PART,,,"   _Да_ , я ",а,д,,,,,PART,ДА,PART,А
28831,,",",",",PUNCT,,,,,,,,,,PUNCT,,,
28832,,я,Я,SPRO sg 1p - nom,,," Да , _я_  ж ",я,,,,,,SPRO,Я,SPRO sg 1p - nom,Я
28833,"<distinct form=""",,,,,,,,,,,,,,,,
28834,<dist>,ж,,,,,,,,,,,,,,,
28835,""">",,,,,,,,,,,,,,,,
28836,,же,ЖЕ,PART,,," ж  _же_  говорю ,",е,ж,,,,,PART,ЖЕ,PART,Е
28837,</distinct>,,,,,,,,,,,,,,,,
28838,,говорю,ГОВОРИТЬ,V ipf praes sg indic - 1p,,," же  _говорю_ , у них",ю,р,о,в,о,г,V,ГОВОРИТЬ,V ipf praes sg indic - 1p,Ь
28839,,",",",",PUNCT,,,,,,,,,,PUNCT,,,
28840,,у,У,PR,,," говорю , _у_ них в принципе",у,,,,,,PR,У,PR,У
28841,,них,ОНИ,SPRO pl - - loc,,,"говорю , у _них_ в принципе они",х,и,н,,,,SPRO,ОНИ,SPRO pl - - loc,И
28842,,в,В,PR,,,", у них _в_ принципе они не",в,,,,,,PR,В,PR,В
28843,,принципе,ПРИНЦИП,S m inan loc sg,,,у них в _принципе_ они не связаны,е,п,и,ц,н,и,S,ПРИНЦИП,S m inan loc sg,П
28844,,они,ОНИ,SPRO pl - - nom,,,них в принципе _они_ не связаны сюжетно,и,н,о,,,,SPRO,ОНИ,SPRO pl - - nom,И
28845,,не,НЕ,PART,,,в принципе они _не_ связаны сюжетно .,е,н,,,,,PART,НЕ,PART,Е
28846,,связаны,СВЯЗАННЫЙ,A - - pl brev - -,,,принципе они не _связаны_ сюжетно . ,ы,н,а,з,я,в,A,СВЯЗАННЫЙ,A - - pl brev - -,Й
28847,,сюжетно,СЮЖЕТНЫЙ,A - - sg brev n -,,,они не связаны _сюжетно_ .  ,о,н,т,е,ж,ю,A,СЮЖЕТНЫЙ,A - - sg brev n -,Й
28848,,.,.,PUNCT,,,,,,,,,,PUNCT,,,
28849,,,,,,,,,,,,,,,,,
28850,# sent = 2122,,,,,,,,,,,,,,,,
28851,# speaker = А,,,,,,,,,,,,,,,,
28852,# sent = 2123,,,,,,,,,,,,,,,,
28853,,Я,Я,SPRO sg 1p - nom,,,   _Я_ никогда не была,я,,,,,,SPRO,Я,SPRO sg 1p - nom,Я
28854,,никогда,НИКОГДА,ADV -,,,  Я _никогда_ не была большим,а,д,г,о,к,и,ADV,НИКОГДА,ADV -,А
28855,,не,НЕ,PART,,, Я никогда _не_ была большим любителем,е,н,,,,,PART,НЕ,PART,Е
28856,,была,БЫТЬ,V ipf praet sg indic f -,,,Я никогда не _была_ большим любителем сериалов,а,л,ы,б,,,V,БЫТЬ,V ipf praet sg indic f -,Ь
28857,,большим,БОЛЬШОЙ,A - ins sg plen m -,,,"никогда не была _большим_ любителем сериалов ,",м,и,ш,ь,л,о,A,БОЛЬШОЙ,A - ins sg plen m -,Й
28858,,любителем,ЛЮБИТЕЛЬ,S m anim ins sg,,,"не была большим _любителем_ сериалов , если",м,е,л,е,т,и,S,ЛЮБИТЕЛЬ,S m anim ins sg,Ь
28859,,сериалов,СЕРИАЛ,S m inan gen pl,,,"была большим любителем _сериалов_ , если честно",в,о,л,а,и,р,S,СЕРИАЛ,S m inan gen pl,Л
28860,,",",",",PUNCT,,,,,,,,,,PUNCT,,,
28861,,если,ЕСЛИ,CONJ,,,"любителем сериалов , _если_ честно . ",и,л,с,е,,,CONJ,ЕСЛИ,CONJ,И
28862,,честно,ЧЕСТНО,ADV -,,,"сериалов , если _честно_ .  ",о,н,т,с,е,ч,ADV,ЧЕСТНО,ADV -,О
28863,,.,.,PUNCT,,,,,,,,,,PUNCT,,,
28864,,,,,,,,,,,,,,,,,
28865,# sent = 2124,,,,,,,,,,,,,,,,
28866,,Просто,ПРОСТО,PART,,,.   _Просто_ не умею их,о,т,с,о,р,п,PART,ПРОСТО,PART,О
28867,,не,НЕ,PART,,,  Просто _не_ умею их смотреть,е,н,,,,,PART,НЕ,PART,Е
28868,,умею,УМЕТЬ,V ipf praes sg indic - 1p,,, Просто не _умею_ их смотреть .,ю,е,м,у,,,V,УМЕТЬ,V ipf praes sg indic - 1p,Ь
28869,,их,ОНИ,SPRO pl - - acc,,,Просто не умею _их_ смотреть . ,х,и,,,,,SPRO,ОНИ,SPRO pl - - acc,И
28870,,смотреть,СМОТРЕТЬ,V ipf - - inf - -,,,не умею их _смотреть_ .  ,ь,т,е,р,т,о,V,СМОТРЕТЬ,V ipf - - inf - -,Ь
28871,,.,.,PUNCT,,,,,,,,,,PUNCT,,,
28872,,,,,,,,,,,,,,,,,
28873,# sent = 2125,,,,,,,,,,,,,,,,
28874,# speaker = Софья,,,,,,,,,,,,,,,,
28875,# sent = 2126,,,,,,,,,,,,,,,,
28876,,A,A,INTJ,,,"   _A_ , я думаю",a,,,,,,NONLEX,A,NONLEX,A
28877,,",",",",PUNCT,,,,,,,,,,PUNCT,,,
28878,,я,Я,SPRO sg 1p - nom,,," A , _я_ думаю что ,",я,,,,,,SPRO,Я,SPRO sg 1p - nom,Я
28879,,думаю,ДУМАТЬ,V ipf praes sg indic - 1p,,,"A , я _думаю_ что , а",ю,а,м,у,д,,V,ДУМАТЬ,V ipf praes sg indic - 1p,Ь
28880,,что,ЧТО,SPRO n inan acc sg,,,", я думаю _что_ , а ,",о,т,ч,,,,SPRO,ЧТО,S n inan acc sg,О
28881,,",",",",PUNCT,,,,,,,,,,PUNCT,,,
28882,,а,А,INTJ,,,"думаю что , _а_ , ну ,",а,,,,,,CONJ,А,CONJ,А
28883,,",",",",PUNCT,,,,,,,,,,PUNCT,,,
28884,,ну,НУ,PART,,,", а , _ну_ , хотя ...",у,н,,,,,PART,НУ,PART,У
28885,,",",",",PUNCT,,,,,,,,,,PUNCT,,,
28886,,хотя,ХОТЯ,PART,,,", ну , _хотя_ ...  ",я,т,о,х,,,PART,ХОТЯ,PART,Я
28887,,...,...,PUNCT,,,,,,,,,,PUNCT,,,
28888,,,,,,,,,,,,,,,,,
28889,# sent = 2127,,,,,,,,,,,,,,,,
28890,# speaker = А,,,,,,,,,,,,,,,,
28891,# sent = 2128,,,,,,,,,,,,,,,,
28892,,Пять,ПЯТЬ,NUM acc - -,,,   _Пять_ минут этого сериала,ь,т,я,п,,,NUM,ПЯТЬ,NUM acc - -,Ь
28893,,минут,МИНУТА,S f inan gen pl,,,  Пять _минут_ этого сериала мне,т,у,н,и,м,,S,МИНУТА,S f inan gen pl,А
28894,,этого,ЭТОТ,APRO - gen sg plen m -,,, Пять минут _этого_ сериала мне хватит,о,г,о,т,э,,APRO,ЭТОТ,A - acc sg plen m anim,Т
28895,,сериала,СЕРИАЛ,S m inan gen sg,,,Пять минут этого _сериала_ мне хватит .,а,л,а,и,р,е,S,СЕРИАЛ,S m inan gen sg,Л
28896,,мне,Я,SPRO sg 1p - dat,,,минут этого сериала _мне_ хватит . ,е,н,м,,,,SPRO,Я,SPRO sg 1p - dat,Я
28897,,хватит,ХВАТИТЬ,V pf fut sg indic - 3p,,,этого сериала мне _хватит_ .  ,т,и,т,а,в,х,V,ХВАТИТЬ,V pf fut sg indic - 3p,Ь
28898,,.,.,PUNCT,,,,,,,,,,PUNCT,,,
28899,,,,,,,,,,,,,,,,,
28900,# sent = 2129,,,,,,,,,,,,,,,,
28901,,Эм,ЭМ,INTJ,,,".   _Эм_ , здесь люди",м,э,,,,,INTJ,ЭМ,S n inan nonflex -,М
28902,,",",",",PUNCT,,,,,,,,,,PUNCT,,,
28903,,здесь,ЗДЕСЬ,ADV -,,," Эм , _здесь_ люди сидят в",ь,с,е,д,з,,ADV,ЗДЕСЬ,ADV -,Ь
28904,,люди,ЧЕЛОВЕК,S m anim nom pl,,,"Эм , здесь _люди_ сидят в конференц-зале",и,д,ю,л,,,S,ЧЕЛОВЕК,S m anim nom pl,К
28905,,сидят,СИДЕТЬ,V ipf praes pl indic - 3p,,,", здесь люди _сидят_ в конференц-зале ,",т,я,д,и,с,,V,СИДЕТЬ,V ipf praes pl indic - 3p,Ь
28906,,в,В,PR,,,"здесь люди сидят _в_ конференц-зале , довольно",в,,,,,,PR,В,PR,В
28907,,конференц-зале,КОНФЕРЕНЦ-ЗАЛ,S m inan loc sg,,,"люди сидят в _конференц-зале_ , довольно с",е,л,а,з,-,ц,S,КОНФЕРЕНЦ-ЗАЛ,S m inan loc sg,Л
28908,,",",",",PUNCT,,,,,,,,,,PUNCT,,,
28909,,довольно,ДОВОЛЬНО,ADV -,,,"в конференц-зале , _довольно_ с серьезным видом",о,н,ь,л,о,в,ADV,ДОВОЛЬНО,ADV -,О
28910,,с,С,PR,,,"конференц-зале , довольно _с_ серьезным видом у",с,,,,,,PR,С,PR,С
28911,,серьезным,СЕРЬЕЗНЫЙ,A - ins sg plen m -,,,", довольно с _серьезным_ видом у некоторых",м,ы,н,з,е,ь,A,СЕРЬЕЗНЫЙ,A - ins sg plen m -,Й
28912,,видом,ВИД,S m inan ins sg,,,довольно с серьезным _видом_ у некоторых пиджаки,м,о,д,и,в,,S,ВИД,S m inan ins sg,Д
28913,,у,У,PR,,,с серьезным видом _у_ некоторых пиджаки и,у,,,,,,PR,У,PR,У
28914,,некоторых,НЕКОТОРЫЕ,SPRO - - gen pl,,,серьезным видом у _некоторых_ пиджаки и я,х,ы,р,о,т,о,S,НЕКОТОРЫЕ,S - - loc pl,Е
28915,,пиджаки,ПИДЖАК,S m inan acc pl,,,видом у некоторых _пиджаки_ и я вижу,и,к,а,ж,д,и,S,ПИДЖАК,S m inan acc pl,К
28916,,и,И,CONJ,,,у некоторых пиджаки _и_ я вижу бутылки,и,,,,,,CONJ,И,CONJ,И
28917,,я,Я,SPRO sg 1p - nom,,,некоторых пиджаки и _я_ вижу бутылки ...,я,,,,,,SPRO,Я,SPRO sg 1p - nom,Я
28918,,вижу,ВИДЕТЬ,V ipf praes sg indic - 1p,,,пиджаки и я _вижу_ бутылки ... ,у,ж,и,в,,,V,ВИДЕТЬ,V ipf praes sg indic - 1p,Ь
28919,,бутылки,БУТЫЛКА,S f inan acc pl,,,и я вижу _бутылки_ ...  ,и,к,л,ы,т,у,S,БУТЫЛКА,S f inan acc pl,А
28920,,...,...,PUNCT,,,,,,,,,,PUNCT,,,
28921,,,,,,,,,,,,,,,,,
28922,# sent = 2130,,,,,,,,,,,,,,,,
28923,,Бутылки,БУТЫЛКА,S f inan nom pl,,,"...   _Бутылки_ , кажется ,",и,к,л,ы,т,у,S,БУТЫЛКА,S f inan nom pl,А
28924,,",",",",PUNCT,,,,,,,,,,PUNCT,,,
28925,,кажется,КАЗАТЬСЯ,V ipf praes sg indic - 3p,,," Бутылки , _кажется_ , из зеленого",я,с,т,е,ж,а,V,КАЗАТЬСЯ,V ipf praes sg indic - 3p,Я
28926,,",",",",PUNCT,,,,,,,,,,PUNCT,,,
28927,,из,ИЗ,PR,,,", кажется , _из_ зеленого стекла ,",з,и,,,,,PR,ИЗ,PR,З
28928,,зеленого,ЗЕЛЕНЫЙ,A - gen sg plen m anim,,,"кажется , из _зеленого_ стекла , очень",о,г,о,н,е,л,A,ЗЕЛЕНЫЙ,A - acc sg plen m anim,Й
28929,,стекла,СТЕКЛО,S n inan gen sg,,,", из зеленого _стекла_ , очень похожи",а,л,к,е,т,с,S,СТЕКЛО,S n inan gen sg,О
28930,,",",",",PUNCT,,,,,,,,,,PUNCT,,,
28931,,очень,ОЧЕНЬ,ADV -,,,"зеленого стекла , _очень_ похожи на бутылки",ь,н,е,ч,о,,ADV,ОЧЕНЬ,ADV -,Ь
28932,,похожи,ПОХОЖИЙ,A - - pl brev - -,,,"стекла , очень _похожи_ на бутылки пива",и,ж,о,х,о,п,A,ПОХОЖИЙ,A - - pl brev - -,Й
28933,,на,НА,PR,,,", очень похожи _на_ бутылки пива .",а,н,,,,,PR,НА,PR,А
28934,,бутылки,БУТЫЛКА,S f inan acc pl,,,очень похожи на _бутылки_ пива . ,и,к,л,ы,т,у,S,БУТЫЛКА,S f inan gen sg,А
28935,,пива,ПИВО,S n inan gen sg,,,похожи на бутылки _пива_ .  ,а,в,и,п,,,S,ПИВО,S n inan gen sg,О
28936,,.,.,PUNCT,,,,,,,,,,PUNCT,,,
28937,,,,,,,,,,,,,,,,,
28938,# sent = 2131,,,,,,,,,,,,,,,,
28939,,Это,ЭТО,SPRO n - acc sg,,,.   _Это_ ... не то что,о,т,э,,,,SPRO,ЭТО,S n inan acc sg,О
28940,,...,...,PUNCT,,,,,,,,,,PUNCT,,,
28941,,не то,не то,CONJ,,, Это ... _не то_ что должно стоять,о,т, ,е,н,,CONJ,не то,CONJ,о
28942,,что,ЧТО,CONJ,,,Это ... не то _что_ должно стоять в,о,т,ч,,,,CONJ,ЧТО,CONJ,О
28943,,должно,ДОЛЖНО,ADV -,,,... не то что _должно_ стоять в конференц-зале,о,н,ж,л,о,д,ADV,ДОЛЖНО,ADV -,О
28944,,стоять,СТОЯТЬ,V ipf - - inf - -,,,не то что должно _стоять_ в конференц-зале на,ь,т,я,о,т,с,V,СТОЯТЬ,V ipf - - inf - -,Ь
28945,,в,В,PR,,,что должно стоять _в_ конференц-зале на огромном,в,,,,,,PR,В,PR,В
28946,,конференц-зале,КОНФЕРЕНЦ-ЗАЛ,S m inan loc sg,,,должно стоять в _конференц-зале_ на огромном круглом,е,л,а,з,-,ц,S,КОНФЕРЕНЦ-ЗАЛ,S m inan loc sg,Л
28947,,на,НА,PR,,,стоять в конференц-зале _на_ огромном круглом стеклянном,а,н,,,,,PR,НА,PR,А
28948,,огромном,ОГРОМНЫЙ,A - loc sg plen m -,,,в конференц-зале на _огромном_ круглом стеклянном столе,м,о,н,м,о,р,A,ОГРОМНЫЙ,A - loc sg plen m -,Й
28949,,круглом,КРУГЛЫЙ,A - loc sg plen m -,,,конференц-зале на огромном _круглом_ стеклянном столе .,м,о,л,г,у,р,A,КРУГЛЫЙ,A - loc sg plen m -,Й
28950,,стеклянном,СТЕКЛЯННЫЙ,A - loc sg plen m -,,,на огромном круглом _стеклянном_ столе . ,м,о,н,н,я,л,A,СТЕКЛЯННЫЙ,A - loc sg plen m -,Й
28951,,столе,СТОЛ,S m inan loc sg,,,огромном круглом стеклянном _столе_ .  ,е,л,о,т,с,,S,СТОЛ,S m inan loc sg,Л
28952,,.,.,PUNCT,,,,,,,,,,PUNCT,,,
28953,,,,,,,,,,,,,,,,,
28954,# sent = 2132,,,,,,,,,,,,,,,,
28955,# speaker = Софья,,,,,,,,,,,,,,,,
28956,# sent = 2133,,,,,,,,,,,,,,,,
28957,,Кажется,КАЖЕТСЯ,PARENTH,,,   _Кажется_ ...  ,я,с,т,е,ж,а,ADV,КАЖЕТСЯ,ADV -,Я
28958,,...,...,PUNCT,,,,,,,,,,PUNCT,,,
28959,,,,,,,,,,,,,,,,,
28960,# sent = 2134,,,,,,,,,,,,,,,,
28961,,Минералка,МИНЕРАЛКА,S f inan nom sg,,,...   _Минералка_ бывает в зеленых,а,к,л,а,р,е,S,МИНЕРАЛКА,S m inan gen sg,А
28962,,бывает,БЫВАТЬ,V ipf praes sg indic - 3p,,,  Минералка _бывает_ в зеленых бутылках,т,е,а,в,ы,б,V,БЫВАТЬ,V ipf praes sg indic - 3p,Ь
28963,,в,В,PR,,, Минералка бывает _в_ зеленых бутылках какая-то,в,,,,,,PR,В,PR,В
28964,,зеленых,ЗЕЛЕНЫЙ,A - loc pl plen - -,,,Минералка бывает в _зеленых_ бутылках какая-то модная,х,ы,н,е,л,е,A,ЗЕЛЕНЫЙ,A - loc pl plen - -,Й
28965,,бутылках,БУТЫЛКА,S f inan loc pl,,,бывает в зеленых _бутылках_ какая-то модная .,х,а,к,л,ы,т,S,БУТЫЛКА,S f inan loc pl,А
28966,,какая-то,КАКОЙ-ТО,APRO - nom sg plen f -,,,в зеленых бутылках _какая-то_ модная . ,о,т,-,я,а,к,APRO,КАКОЙ-ТО,A - nom sg plen f -,О
28967,,модная,МОДНЫЙ,A - nom sg plen f -,,,зеленых бутылках какая-то _модная_ .  ,я,а,н,д,о,м,A,МОДНЫЙ,A - nom sg plen f -,Й
28968,,.,.,PUNCT,,,,,,,,,,PUNCT,,,
28969,,,,,,,,,,,,,,,,,
28970,# sent = 2135,,,,,,,,,,,,,,,,
28971,# speaker = А,,,,,,,,,,,,,,,,
28972,# sent = 2136,,,,,,,,,,,,,,,,
28973,,Я,Я,SPRO sg 1p - nom,,,"   _Я_ понимаю , Нарзан",я,,,,,,SPRO,Я,SPRO sg 1p - nom,Я
28974,,понимаю,ПОНИМАТЬ,V ipf praes sg indic - 1p,,,"  Я _понимаю_ , Нарзан и",ю,а,м,и,н,о,V,ПОНИМАТЬ,V ipf praes sg indic - 1p,Ь
28975,,",",",",PUNCT,,,,,,,,,,PUNCT,,,
28976,,Нарзан,НАРЗАН,S m inan nom sg,,,"Я понимаю , _Нарзан_ и так далее",н,а,з,р,а,н,S,НАРЗАН,S m inan nom sg,Н
28977,,и,И,CONJ,,,"понимаю , Нарзан _и_ так далее ...",и,,,,,,CONJ,И,CONJ,И
28978,,так,ТАК,ADV -,,,", Нарзан и _так_ далее ... ",к,а,т,,,,ADV,ТАК,ADV -,К
28979,,далее,ДАЛЕЕ,ADV -,,,Нарзан и так _далее_ ...  ,е,е,л,а,д,,ADV,ДАЛЕЕ,ADV -,Е
28980,,...,...,PUNCT,,,,,,,,,,PUNCT,,,
28981,,,,,,,,,,,,,,,,,
28982,# sent = 2137,,,,,,,,,,,,,,,,
28983,# speaker = Софья,,,,,,,,,,,,,,,,
28984,# sent = 2138,,,,,,,,,,,,,,,,
28985,,Ну,НУ,PART,,,   _Ну_ да . ,у,н,,,,,PART,НУ,PART,У
28986,,да,ДА,PART,,,  Ну _да_ .  ,а,д,,,,,PART,ДА,PART,А
28987,,.,.,PUNCT,,,,,,,,,,PUNCT,,,
28988,,,,,,,,,,,,,,,,,
28989,# sent = 2139,,,,,,,,,,,,,,,,
28990,# speaker = А,,,,,,,,,,,,,,,,
28991,# sent = 2140,,,,,,,,,,,,,,,,
28992,,После,ПОСЛЕ,PR,,,   _После_ некоторого времени работы,е,л,с,о,п,,PR,ПОСЛЕ,PR,Е
28993,,некоторого,НЕКОТОРЫЙ,APRO - gen sg plen n -,,,  После _некоторого_ времени работы в,о,г,о,р,о,т,APRO,НЕКОТОРЫЙ,A - gen sg plen n -,Й
28994,,времени,ВРЕМЯ,S n inan gen sg,,, После некоторого _времени_ работы в баре,и,н,е,м,е,р,S,ВРЕМЯ,S n inan gen sg,Я
28995,,работы,РАБОТА,S f inan gen sg,,,После некоторого времени _работы_ в баре для,ы,т,о,б,а,р,S,РАБОТА,S f inan gen sg,А
28996,,в,В,PR,,,некоторого времени работы _в_ баре для меня,в,,,,,,PR,В,PR,В
28997,,баре,БАР,S m inan loc sg,,,времени работы в _баре_ для меня все,е,р,а,б,,,S,БАР,S m inan loc sg,Р
28998,,для,ДЛЯ,PR,,,работы в баре _для_ меня все зеленые,я,л,д,,,,PR,ДЛЯ,PR,Я
28999,,меня,Я,SPRO sg 1p - acc,,,в баре для _меня_ все зеленые бутылки,я,н,е,м,,,SPRO,Я,SPRO sg 1p - acc,Я
29000,,все,ВЕСЬ,APRO - acc pl plen - inan,,,баре для меня _все_ зеленые бутылки ассоциируются,е,с,в,,,,APRO,ВЕСЬ,A - acc pl plen - inan,Ь
29001,,зеленые,ЗЕЛЕНЫЙ,A - nom pl plen - inan,,,для меня все _зеленые_ бутылки ассоциируются с,е,ы,н,е,л,е,A,ЗЕЛЕНЫЙ,A - acc pl plen - inan,Й
29002,,бутылки,БУТЫЛКА,S f inan acc pl,,,меня все зеленые _бутылки_ ассоциируются с пивом,и,к,л,ы,т,у,S,БУТЫЛКА,S f inan acc pl,А
29003,,ассоциируются,АССОЦИИРОВАТЬСЯ,V ipf praes pl indic - 3p,,,все зеленые бутылки _ассоциируются_ с пивом .,я,с,т,ю,у,р,V,АССОЦИИРОВАТЬСЯ,V ipf praes pl indic - 3p,Я
29004,,с,С,PR,,,зеленые бутылки ассоциируются _с_ пивом . ,с,,,,,,PR,С,PR,С
29005,,пивом,ПИВО,S n inan ins sg,,,бутылки ассоциируются с _пивом_ .  ,м,о,в,и,п,,S,ПИВО,S n inan ins sg,О
29006,,.,.,PUNCT,,,,,,,,,,PUNCT,,,
29007,,,,,,,,,,,,,,,,,
29008,# sent = 2141,,,,,,,,,,,,,,,,
29009,,Возможно,ВОЗМОЖНО,PARENTH,,,".   _Возможно_ , это профдеформация",о,н,ж,о,м,з,ADV,ВОЗМОЖНО,ADV -,О
29010,,",",",",PUNCT,,,,,,,,,,PUNCT,,,
29011,,это,ЭТО,SPRO n - nom sg,,," Возможно , _это_ профдеформация , сори",о,т,э,,,,SPRO,ЭТО,S n - nom sg,О
29012,,профдеформация,ПРОФДЕФОРМАЦИЯ,S f inan nom sg,,,"Возможно , это _профдеформация_ , сори .",я,и,ц,а,м,р,S,ПРОФДЕФОРМАЦИЯ,S f inan nom sg,Я
29013,,",",",",PUNCT,,,,,,,,,,PUNCT,,,
29014,,сорри,СОРРИ,INTJ,,,"это профдеформация , _сори_ .  ",и,р,о,с,,,V,СОРИТЬ,V ipf - sg imper - 2p,И
29015,,.,.,PUNCT,,,,,,,,,,PUNCT,,,
29016,,,,,,,,,,,,,,,,,
29017,# sent = 2142,,,,,,,,,,,,,,,,
29018,,"""","""",PUNCT,,,,,,,,,,PUNCT,,,
29019,,История,ИСТОРИЯ,S f inan nom sg,,,"  "" _История_ всей твоей жизни",я,и,р,о,т,с,S,ИСТОРИЯ,S f inan nom sg,Я
29020,,всей,ВЕСЬ,APRO - gen sg plen f -,,," "" История _всей_ твоей жизни """,й,е,с,в,,,APRO,ВЕСЬ,A - gen sg plen f -,Ь
29021,,твоей,ТВОЙ,APRO - gen sg plen f -,,,""" История всей _твоей_ жизни "" гласит",й,е,о,в,т,,APRO,ТВОЙ,A - gen sg plen f -,Й
29022,,жизни,ЖИЗНЬ,S f inan gen sg,,,"История всей твоей _жизни_ "" гласит заголовок",и,н,з,и,ж,,S,ЖИЗНЬ,S f inan gen sg,Ь
29023,,"""","""",PUNCT,,,,,,,,,,PUNCT,,,
29024,,гласит,ГЛАСИТЬ,V ipf praes sg indic - 3p,,,"твоей жизни "" _гласит_ заголовок . ",т,и,с,а,л,г,V,ГЛАСИТЬ,V ipf praes sg indic - 3p,Ь
29025,,заголовок,ЗАГОЛОВОК,S m inan nom sg,,,"жизни "" гласит _заголовок_ .  ",к,о,в,о,л,о,S,ЗАГОЛОВОК,S m inan nom sg,К
29026,,.,.,PUNCT,,,,,,,,,,PUNCT,,,
29027,,,,,,,,,,,,,,,,,
29028,# sent = 2143,,,,,,,,,,,,,,,,
29029,# speaker = Софья,,,,,,,,,,,,,,,,
29030,# sent = 2144,,,,,,,,,,,,,,,,
29031,,Ну,НУ,PART,,,   _Ну_ я ... ,у,н,,,,,PART,НУ,PART,У
29032,,я,Я,SPRO sg 1p - nom,,,  Ну _я_ ...  ,я,,,,,,SPRO,Я,SPRO sg 1p - nom,Я
29033,,...,...,PUNCT,,,,,,,,,,PUNCT,,,
29034,,,,,,,,,,,,,,,,,
29035,# sent = 2145,,,,,,,,,,,,,,,,
29036,# speaker = А,,,,,,,,,,,,,,,,
29037,# sent = 2146,,,,,,,,,,,,,,,,
29038,,Всей,ВЕСЬ,APRO - ins sg plen f -,,,   _Всей_ моей жизни -,й,е,с,в,,,APRO,ВЕСЬ,A - ins sg plen f -,Ь
29039,,моей,МОЙ,APRO - gen sg plen f -,,,  Всей _моей_ жизни - это,й,е,о,м,,,APRO,МОЙ,A - gen sg plen f -,Й
29040,,жизни,ЖИЗНЬ,S f inan gen sg,,, Всей моей _жизни_ - это то,и,н,з,и,ж,,S,ЖИЗНЬ,S f inan gen sg,Ь
29041,,-,-,PUNCT,,,,,,,,,,PUNCT,,,
29042,,это,ЭТО,SPRO n - nom sg,,,моей жизни - _это_ то что я,о,т,э,,,,SPRO,ЭТО,S n - nom sg,О
29043,,то,ТО,SPRO n - nom sg,,,жизни - это _то_ что я вбегаю,о,т,,,,,SPRO,ТО,S n - nom sg,О
29044,,что,ЧТО,CONJ,,,- это то _что_ я вбегаю в,о,т,ч,,,,CONJ,ЧТО,CONJ,О
29045,,я,Я,SPRO sg 1p - nom,,,это то что _я_ вбегаю в получерное,я,,,,,,SPRO,Я,SPRO sg 1p - nom,Я
29046,,вбегаю,ВБЕГАТЬ,V ipf praes sg indic - 1p,,,то что я _вбегаю_ в получерное такси,ю,а,г,е,б,в,V,ВБЕГАТЬ,V ipf praes sg indic - 1p,Ь
29047,,в,В,PR,,,что я вбегаю _в_ получерное такси ?,в,,,,,,PR,В,PR,В
29048,,получерное,ПОЛУЧЕРНЫЙ,A - loc sg plen n -,,,я вбегаю в _получерное_ такси ? ,е,о,н,р,е,ч,A,ПОЛУЧЕРНЫЙ,A - loc sg plen n -,Й
29049,,такси,ТАКСИ,S n inan acc sg,,,вбегаю в получерное _такси_ ?  ,и,с,к,а,т,,S,ТАКСИ,S n inan nonflex -,И
29050,,?,?,PUNCT,,,,,,,,,,PUNCT,,,
29051,,,,,,,,,,,,,,,,,
29052,# sent = 2147,,,,,,,,,,,,,,,,
29053,,Кстати,КСТАТИ,PARENTH,,,"?   _Кстати_ , такси очень",и,т,а,т,с,к,ADV,КСТАТИ,ADV -,И
29054,,",",",",PUNCT,,,,,,,,,,PUNCT,,,
29055,,такси,ТАКСИ,S n inan nom sg,,," Кстати , _такси_ очень похоже на",и,с,к,а,т,,S,ТАКСИ,S n inan nonflex -,И
29056,,очень,ОЧЕНЬ,ADV -,,,"Кстати , такси _очень_ похоже на ...",ь,н,е,ч,о,,ADV,ОЧЕНЬ,ADV -,Ь
29057,,похоже,ПОХОЖИЙ,A - - sg brev n -,,,", такси очень _похоже_ на ... ",е,ж,о,х,о,п,A,ПОХОЖИЙ,A - - sg brev n -,Й
29058,,на,НА,PR,,,такси очень похоже _на_ ...  ,а,н,,,,,PR,НА,PR,А
29059,,...,...,PUNCT,,,,,,,,,,PUNCT,,,
29060,,,,,,,,,,,,,,,,,
29061,# sent = 2148,,,,,,,,,,,,,,,,
29062,,У,У,PR,,,...   _У_ индусов очень интересные,у,,,,,,PR,У,PR,У
29063,,индусов,ИНДУС,S m anim gen pl,,,  У _индусов_ очень интересные автомобили,в,о,с,у,д,н,S,ИНДУС,S m anim gen pl,С
29064,,очень,ОЧЕНЬ,ADV -,,, У индусов _очень_ интересные автомобили есть,ь,н,е,ч,о,,ADV,ОЧЕНЬ,ADV -,Ь
29065,,интересные,ИНТЕРЕСНЫЙ,A - nom pl plen - -,,,У индусов очень _интересные_ автомобили есть забыла,е,ы,н,с,е,р,A,ИНТЕРЕСНЫЙ,A - nom pl plen - -,Й
29066,,автомобили,АВТОМОБИЛЬ,S m inan nom pl,,,индусов очень интересные _автомобили_ есть забыла ...,и,л,и,б,о,м,S,АВТОМОБИЛЬ,S m inan nom pl,Ь
29067,,есть,БЫТЬ,V ipf praes sg indic - 3p,,,очень интересные автомобили _есть_ забыла ... ,ь,т,с,е,,,V,БЫТЬ,V ipf praes sg indic - 3p,Ь
29068,,забыла,ЗАБЫТЬ,V pf praet sg indic f -,,,интересные автомобили есть _забыла_ ...  ,а,л,ы,б,а,з,V,ЗАБЫТЬ,V pf praet sg indic f -,Ь
29069,,...,...,PUNCT,,,,,,,,,,PUNCT,,,
29070,,,,,,,,,,,,,,,,,
29071,# sent = 2149,,,,,,,,,,,,,,,,
29072,,Не,НЕ,PART,,,...   _Не_ могу ... ,е,н,,,,,PART,НЕ,PART,Е
29073,,могу,МОЧЬ,V ipf praes sg indic - 1p,,,  Не _могу_ ...  ,у,г,о,м,,,V,МОЧЬ,V ipf praes sg indic - 1p,Ь
29074,,...,...,PUNCT,,,,,,,,,,PUNCT,,,
29075,,,,,,,,,,,,,,,,,
29076,# sent = 2150,,,,,,,,,,,,,,,,
29077,,Я,Я,SPRO sg 1p - nom,,,...   _Я_ не могу говорить,я,,,,,,SPRO,Я,SPRO sg 1p - nom,Я
29078,,не,НЕ,PART,,,  Я _не_ могу говорить когда,е,н,,,,,PART,НЕ,PART,Е
29079,,могу,МОЧЬ,V ipf praes sg indic - 1p,,, Я не _могу_ говорить когда кто-то,у,г,о,м,,,V,МОЧЬ,V ipf praes sg indic - 1p,Ь
29080,,говорить,ГОВОРИТЬ,V ipf - - inf - -,,,Я не могу _говорить_ когда кто-то говорит,ь,т,и,р,о,в,V,ГОВОРИТЬ,V ipf - - inf - -,Ь
29081,,когда,КОГДА,CONJ,,,не могу говорить _когда_ кто-то говорит со,а,д,г,о,к,,CONJ,КОГДА,CONJ,А
29082,,кто-то,КТО-ТО,SPRO m - nom sg,,,могу говорить когда _кто-то_ говорит со мной,о,т,-,о,т,к,S,КТО-ТО,S m - nom sg,О
29083,,говорит,ГОВОРИТЬ,V ipf praes sg indic - 3p,,,говорить когда кто-то _говорит_ со мной вместе,т,и,р,о,в,о,V,ГОВОРИТЬ,V ipf praes sg indic - 3p,Ь
29084,,со,СО,PR,,,"когда кто-то говорит _со_ мной вместе ,",о,с,,,,,PR,СО,PR,О
29085,,мной,Я,SPRO sg 1p - ins,,,"кто-то говорит со _мной_ вместе , ужасно",й,о,н,м,,,SPRO,Я,SPRO sg 1p - ins,Я
29086,,вместе,ВМЕСТЕ,ADV -,,,"говорит со мной _вместе_ , ужасно .",е,т,с,е,м,в,ADV,ВМЕСТЕ,ADV -,Е
29087,,",",",",PUNCT,,,,,,,,,,PUNCT,,,
29088,,ужасно,УЖАСНО,ADV -,,,"мной вместе , _ужасно_ .  ",о,н,с,а,ж,у,ADV,УЖАСНО,ADV -,О
29089,,.,.,PUNCT,,,,,,,,,,PUNCT,,,
29090,,,,,,,,,,,,,,,,,
29091,# sent = 2151,,,,,,,,,,,,,,,,
29092,# speaker = Софья,,,,,,,,,,,,,,,,
29093,# sent = 2152,,,,,,,,,,,,,,,,
29094,,Можешь,МОЧЬ,V ipf praes sg indic - 2p,,,   _Можешь_ говорить в паузы,ь,ш,е,ж,о,м,V,МОЧЬ,V ipf praes sg indic - 2p,Ь
29095,,говорить,ГОВОРИТЬ,V ipf - - inf - -,,,  Можешь _говорить_ в паузы .,ь,т,и,р,о,в,V,ГОВОРИТЬ,V ipf - - inf - -,Ь
29096,,в,В,PR,,, Можешь говорить _в_ паузы . ,в,,,,,,PR,В,PR,В
29097,,паузы,ПАУЗА,S f inan acc pl,,,Можешь говорить в _паузы_ .  ,ы,з,у,а,п,,S,ПАУЗА,S f inan gen sg,А
29098,,.,.,PUNCT,,,,,,,,,,PUNCT,,,
29099,,,,,,,,,,,,,,,,,
29100,# sent = 2153,,,,,,,,,,,,,,,,
29101,# speaker = А,,,,,,,,,,,,,,,,
29102,# sent = 2154,,,,,,,,,,,,,,,,
29103,,И,И,CONJ,,,   _И_ да и ладно,и,,,,,,CONJ,И,CONJ,И
29104,,да,ДА,PART,,,"  И _да_ и ладно ,",а,д,,,,,PART,ДА,PART,А
29105,,и,И,CONJ,,," И да _и_ ладно , просто",и,,,,,,CONJ,И,CONJ,И
29106,,ладно,ЛАДНО,PART,,,"И да и _ладно_ , просто ...",о,н,д,а,л,,PART,ЛАДНО,PART,О
29107,,",",",",PUNCT,,,,,,,,,,PUNCT,,,
29108,,просто,ПРОСТО,PART,,,"и ладно , _просто_ ...  ",о,т,с,о,р,п,PART,ПРОСТО,PART,О
29109,,...,...,PUNCT,,,,,,,,,,PUNCT,,,
29110,,,,,,,,,,,,,,,,,
29111,# sent = 2155,,,,,,,,,,,,,,,,
29112,,Заставка,ЗАСТАВКА,S f inan nom sg,,,...   _Заставка_ чем-то похожа на,а,к,в,а,т,с,S,ЗАСТАВКА,S f inan nom sg,А
29113,,чем-то,ЧТО-ТО,SPRO n inan ins sg,,,  Заставка _чем-то_ похожа на Circle,о,т,-,м,е,ч,SPRO,ЧТО-ТО,S n - ins sg,О
29114,,похожа,ПОХОЖИЙ,A - - sg brev f -,,, Заставка чем-то _похожа_ на Circle была,а,ж,о,х,о,п,A,ПОХОЖИЙ,A - - sg brev f -,Й
29115,,на,НА,PR,,,"Заставка чем-то похожа _на_ Circle была ,",а,н,,,,,PR,НА,PR,А
29116,,Circle,CIRCLE,NONLEX,,,"чем-то похожа на _Circle_ была , вот",e,l,c,r,i,c,NONLEX,CIRCLE,NONLEX,E
29117,,была,БЫТЬ,V ipf praet sg indic f -,,,"похожа на Circle _была_ , вот сейчас",а,л,ы,б,,,V,БЫТЬ,V ipf praet sg indic f -,Ь
29118,,",",",",PUNCT,,,,,,,,,,PUNCT,,,
29119,,вот,ВОТ,PART,,,"Circle была , _вот_ сейчас маленькая .",т,о,в,,,,PART,ВОТ,PART,Т
29120,,сейчас,СЕЙЧАС,ADV -,,,"была , вот _сейчас_ маленькая . ",с,а,ч,й,е,с,ADV,СЕЙЧАС,ADV -,С
29121,,маленькая,МАЛЕНЬКИЙ,A - nom sg plen f -,,,", вот сейчас _маленькая_ .  ",я,а,к,ь,н,е,A,МАЛЕНЬКИЙ,A - nom sg plen f -,Й
29122,,.,.,PUNCT,,,,,,,,,,PUNCT,,,
29123,,,,,,,,,,,,,,,,,
29124,# sent = 2156,,,,,,,,,,,,,,,,
29125,# speaker = Софья,,,,,,,,,,,,,,,,
29126,# sent = 2157,,,,,,,,,,,,,,,,
29127,,Угу,УГУ,INTJ,,,   _Угу_ .  ,у,г,у,,,,INTJ,УГУ,INTJ,У
29128,,.,.,PUNCT,,,,,,,,,,PUNCT,,,
29129,,,,,,,,,,,,,,,,,
29130,# sent = 2158,,,,,,,,,,,,,,,,
29131,# speaker = A,,,,,,,,,,,,,,,,
29132,# sent = 2159,,,,,,,,,,,,,,,,
29133,,Circle,CIRCLE,NONLEX,,,   _Circle_ - это который,e,l,c,r,i,c,NONLEX,CIRCLE,NONLEX,E
29134,,-,-,PUNCT,,,,,,,,,,PUNCT,,,
29135,,это,ЭТО,SPRO n - nom sg,,, Circle - _это_ который сериал про,о,т,э,,,,SPRO,ЭТО,S n - nom sg,О
29136,,который,КОТОРЫЙ,APRO - nom sg plen m -,,,Circle - это _который_ сериал про всеобщее,й,ы,р,о,т,о,APRO,КОТОРЫЙ,A - nom sg plen m -,Й
29137,,сериал,СЕРИАЛ,S m inan nom sg,,,- это который _сериал_ про всеобщее информационное,л,а,и,р,е,с,S,СЕРИАЛ,S m inan nom sg,Л
29138,,про,ПРО,PR,,,это который сериал _про_ всеобщее информационное поле,о,р,п,,,,PR,ПРО,PR,О
29139,,всеобщее,ВСЕОБЩИЙ,A - acc sg plen n inan,,,"который сериал про _всеобщее_ информационное поле ,",е,е,щ,б,о,е,A,ВСЕОБЩИЙ,A - acc sg plen n inan,Й
29140,,информационное,ИНФОРМАЦИОННЫЙ,A - acc sg plen n inan,,,"сериал про всеобщее _информационное_ поле , включает",е,о,н,н,о,и,A,ИНФОРМАЦИОННЫЙ,A - acc sg plen n inan,Й
29141,,поле,ПОЛЕ,S n inan acc sg,,,"про всеобщее информационное _поле_ , включает в",е,л,о,п,,,S,ПОЛЕ,S n inan acc sg,Е
29142,,",",",",PUNCT,,,,,,,,,,PUNCT,,,
29143,,включает,ВКЛЮЧАТЬ,V ipf praes sg indic - 3p,,,"информационное поле , _включает_ в себя всех",т,е,а,ч,ю,л,V,ВКЛЮЧАТЬ,V ipf praes sg indic - 3p,Ь
29144,,в,В,PR,,,"поле , включает _в_ себя всех и",в,,,,,,PR,В,PR,В
29145,,себя,СЕБЯ,SPRO - - - acc,,,", включает в _себя_ всех и каждого",я,б,е,с,,,SPRO,СЕБЯ,SPRO - - - acc,Я
29146,,всех,ВСЕ,SPRO - - gen pl,,,включает в себя _всех_ и каждого .,х,е,с,в,,,S,ВСЕ,S - - loc pl,Е
29147,,и,И,CONJ,,,в себя всех _и_ каждого . ,и,,,,,,CONJ,И,CONJ,И
29148,,каждого,КАЖДЫЙ,APRO - gen sg plen m -,,,себя всех и _каждого_ .  ,о,г,о,д,ж,а,APRO,КАЖДЫЙ,A - gen sg plen m -,Й
29149,,.,.,PUNCT,,,,,,,,,,PUNCT,,,
29150,,,,,,,,,,,,,,,,,
29151,# sent = 2160,,,,,,,,,,,,,,,,
29152,# speaker = Софья,,,,,,,,,,,,,,,,
29153,# sent = 2161,,,,,,,,,,,,,,,,
29154,,Угу,УГУ,INTJ,,,   _Угу_ .  ,у,г,у,,,,INTJ,УГУ,INTJ,У
29155,,.,.,PUNCT,,,,,,,,,,PUNCT,,,
29156,,,,,,,,,,,,,,,,,
29157,# sent = 2162,,,,,,,,,,,,,,,,
29158,# speaker = А,,,,,,,,,,,,,,,,
29159,# sent = 2163,,,,,,,,,,,,,,,,
29160,,Sharing,SHARING,NONLEX,,,   _Sharing_ is caring и,g,n,i,r,a,h,NONLEX,SHARING,NONLEX,G
29161,,is,IS,NONLEX,,,  Sharing _is_ caring и так,s,i,,,,,NONLEX,IS,NONLEX,S
29162,,caring,CARING,NONLEX,,, Sharing is _caring_ и так далее,g,n,i,r,a,c,NONLEX,CARING,NONLEX,G
29163,,и,И,CONJ,,,Sharing is caring _и_ так далее .,и,,,,,,CONJ,И,CONJ,И
29164,,так,ТАК,ADV -,,,is caring и _так_ далее . ,к,а,т,,,,ADV,ТАК,ADV -,К
29165,,далее,ДАЛЕЕ,ADV -,,,caring и так _далее_ .  ,е,е,л,а,д,,ADV,ДАЛЕЕ,ADV -,Е
29166,,.,.,PUNCT,,,,,,,,,,PUNCT,,,
29167,,,,,,,,,,,,,,,,,
29168,# sent = 2164,,,,,,,,,,,,,,,,
29169,# speaker = Софья,,,,,,,,,,,,,,,,
29170,# sent = 2165,,,,,,,,,,,,,,,,
29171,,Ого,ОГО,INTJ,,,"   _Ого_ , на видео",о,г,о,,,,INTJ,ОГО,INTJ,О
29172,,",",",",PUNCT,,,,,,,,,,PUNCT,,,
29173,,на,НА,PR,,," Ого , _на_ видео засветится ...",а,н,,,,,PR,НА,PR,А
29174,,видео,ВИДЕО,S n inan loc sg,,,"Ого , на _видео_ засветится ... ",о,е,д,и,в,,S,ВИДЕО,S n inan nonflex -,О
29175,,засветится,ЗАСВЕТИТЬСЯ,V pf fut sg indic - 3p,,,", на видео _засветится_ ...  ",я,с,т,и,т,е,V,ЗАСВЕТИТЬСЯ,V pf fut sg indic - 3p,Я
29176,,...,...,PUNCT,,,,,,,,,,PUNCT,,,
29177,,,,,,,,,,,,,,,,,
29178,# sent = 2166,,,,,,,,,,,,,,,,
29179,"<span class=""note"">",,,,,,,,,,,,,,,,
29180,<note>,ударение 3 слог,,,,,,,,,,,,,,,
29181,</span>,,,,,,,,,,,,,,,,
29182,,засветится,ЗАСВЕТИТЬСЯ,V pf fut sg indic - 3p,,, ударение 3 слог  _засветится_  ударение 2 слог ,я,с,т,и,т,е,V,ЗАСВЕТИТЬСЯ,V pf fut sg indic - 3p,Я
29183,"<span class=""note"">",,,,,,,,,,,,,,,,
29184,<note>,ударение 2 слог,,,,,,,,,,,,,,,
29185,</span>,,,,,,,,,,,,,,,,
29186,,кот,КОТ,S m anim nom sg,,, ударение 2 слог  _кот_ .  ,т,о,к,,,,S,КОТ,S m anim nom sg,Т
29187,,.,.,PUNCT,,,,,,,,,,PUNCT,,,
29188,,,,,,,,,,,,,,,,,
29189,# sent = 2167,,,,,,,,,,,,,,,,
29190,# speaker = А,,,,,,,,,,,,,,,,
29191,# sent = 2168,,,,,,,,,,,,,,,,
29192,,Я,Я,SPRO sg 1p - nom,,,   _Я_ не против кота,я,,,,,,SPRO,Я,SPRO sg 1p - nom,Я
29193,,не,НЕ,PART,,,"  Я _не_ против кота ,",е,н,,,,,PART,НЕ,PART,Е
29194,,против,ПРОТИВ,PR,,," Я не _против_ кота , кот",в,и,т,о,р,п,PR,ПРОТИВ,PR,В
29195,,кота,КОТ,S m anim gen sg,,,"Я не против _кота_ , кот милый",а,т,о,к,,,S,КОТ,S m anim acc sg,Т
29196,,",",",",PUNCT,,,,,,,,,,PUNCT,,,
29197,,кот,КОТ,S m anim nom sg,,,"против кота , _кот_ милый . ",т,о,к,,,,S,КОТ,S m anim nom sg,Т
29198,,милый,МИЛЫЙ,A - nom sg plen m inan,,,"кота , кот _милый_ .  ",й,ы,л,и,м,,A,МИЛЫЙ,A - acc sg plen m inan,Й
29199,,.,.,PUNCT,,,,,,,,,,PUNCT,,,
29200,,,,,,,,,,,,,,,,,
29201,# sent = 2169,,,,,,,,,,,,,,,,
29202,,Ага,АГА,PART,,,".   _Ага_ , ещё там",а,г,а,,,,PART,АГА,PART,А
29203,,",",",",PUNCT,,,,,,,,,,PUNCT,,,
29204,,ещё,ЕЩЕ,ADV -,,," Ага , _ещё_ там , кажется",ё,щ,е,,,,ADV,ЕЩЕ,ADV -,Е
29205,,там,ТАМ,ADV -,,,"Ага , ещё _там_ , кажется ,",м,а,т,,,,ADV,ТАМ,ADV -,М
29206,,",",",",PUNCT,,,,,,,,,,PUNCT,,,
29207,,кажется,КАЖЕТСЯ,PARENTH,,,"ещё там , _кажется_ , очень большое",я,с,т,е,ж,а,ADV,КАЖЕТСЯ,ADV -,Я
29208,,",",",",PUNCT,,,,,,,,,,PUNCT,,,
29209,,очень,ОЧЕНЬ,ADV -,,,", кажется , _очень_ большое количество модификаций",ь,н,е,ч,о,,ADV,ОЧЕНЬ,ADV -,Ь
29210,,большое,БОЛЬШОЙ,A - nom sg plen n -,,,"кажется , очень _большое_ количество модификаций в",е,о,ш,ь,л,о,A,БОЛЬШОЙ,A - nom sg plen n -,Й
29211,,количество,КОЛИЧЕСТВО,S n inan nom sg,,,", очень большое _количество_ модификаций в людях",о,в,т,с,е,ч,S,КОЛИЧЕСТВО,S n inan nom sg,О
29212,,модификаций,МОДИФИКАЦИЯ,S f inan gen pl,,,очень большое количество _модификаций_ в людях .,й,и,ц,а,к,и,S,МОДИФИКАЦИЯ,S f inan gen pl,Я
29213,,в,В,PR,,,большое количество модификаций _в_ людях . ,в,,,,,,PR,В,PR,В
29214,,людях,ЧЕЛОВЕК,S m anim loc pl,,,количество модификаций в _людях_ .  ,х,я,д,ю,л,,S,ЧЕЛОВЕК,S m anim loc pl,К
29215,,.,.,PUNCT,,,,,,,,,,PUNCT,,,
29216,,,,,,,,,,,,,,,,,
29217,# sent = 2170,,,,,,,,,,,,,,,,
29218,,Именно,ИМЕННО,PART,,,".   _Именно_ биомодификаций , то есть",о,н,н,е,м,и,PART,ИМЕННО,PART,О
29219,,биомодификаций,БИОМОДИФИКАЦИЯ,S f inan gen pl,,,"  Именно _биомодификаций_ , то есть ,",й,и,ц,а,к,и,S,БИОМОДИФИКАЦИЯ,S f inan nom sg,Я
29220,,",",",",PUNCT,,,,,,,,,,PUNCT,,,
29221,,то есть,то есть,CONJ,,,"Именно биомодификаций , _то есть_ , э ,",ь,т,с,е, ,о,CONJ,то есть,ADV -,ь
29222,,",",",",PUNCT,,,,,,,,,,PUNCT,,,
29223,,э,Э,INTJ,,,", то есть , _э_ , на сетчатку",э,,,,,,INTJ,Э,S - - nonflex -,Э
29224,,",",",",PUNCT,,,,,,,,,,PUNCT,,,
29225,,на,НА,PR,,,", э , _на_ сетчатку глаза что-то",а,н,,,,,PR,НА,PR,А
29226,,сетчатку,СЕТЧАТКА,S f inan acc sg,,,"э , на _сетчатку_ глаза что-то н",у,к,т,а,ч,т,S,СЕТЧАТКА,S f inan acc sg,А
29227,,глаза,ГЛАЗ,S m inan gen pl,,,", на сетчатку _глаза_ что-то н ...",а,з,а,л,г,,S,ГЛАЗ,S m inan acc pl,З
29228,,что-то,ЧТО-ТО,SPRO n inan acc sg,,,на сетчатку глаза _что-то_ н ... наложено,о,т,-,о,т,ч,SPRO,ЧТО-ТО,S n - acc sg,О
29229,,н,НАЛОЖИТЬ,PARTCP pf praet - sg brev n pass -,distort,,"сетчатку глаза что-то _н_ ... наложено ,",н,,,,,,NONLEX,Н,NONLEX,Ь
29230,,...,...,PUNCT,,,,,,,,,,PUNCT,,,
29231,,наложено,НАЛОЖИТЬ,PARTCP pf praet - sg brev n pass -,,,"что-то н ... _наложено_ , может быть",о,н,е,ж,о,л,PARTCP,НАЛОЖИТЬ,PARTCP pf praet - sg brev n pass -,Ь
29232,,",",",",PUNCT,,,,,,,,,,PUNCT,,,
29233,,может,МОЧЬ,V ipf praes sg indic - 3p,,,"... наложено , _может_ быть линзы ,",т,е,ж,о,м,,V,МОЧЬ,V ipf praes sg indic - 3p,Ь
29234,,быть,БЫТЬ,V ipf - - inf - -,,,"наложено , может _быть_ линзы , может",ь,т,ы,б,,,V,БЫТЬ,V ipf - - inf - -,Ь
29235,,линзы,ЛИНЗА,S f inan acc pl,,,", может быть _линзы_ , может быть",ы,з,н,и,л,,S,ЛИНЗА,S f inan acc pl,А
29236,,",",",",PUNCT,,,,,,,,,,PUNCT,,,
29237,,может,МОЧЬ,V ipf praes sg indic - 3p,,,"быть линзы , _может_ быть просто изменено",т,е,ж,о,м,,V,МОЧЬ,V ipf praes sg indic - 3p,Ь
29238,,быть,БЫТЬ,V ipf - - inf - -,,,"линзы , может _быть_ просто изменено .",ь,т,ы,б,,,V,БЫТЬ,V ipf - - inf - -,Ь
29239,,просто,ПРОСТО,PART,,,", может быть _просто_ изменено . ",о,т,с,о,р,п,PART,ПРОСТО,PART,О
29240,,изменено,ИЗМЕНИТЬ,PARTCP pf praet - sg brev n pass -,,,может быть просто _изменено_ .  ,о,н,е,н,е,м,PARTCP,ИЗМЕНИТЬ,PARTCP pf praet - sg brev n pass -,Ь
29241,,.,.,PUNCT,,,,,,,,,,PUNCT,,,
29242,,,,,,,,,,,,,,,,,
29243,# sent = 2171,,,,,,,,,,,,,,,,
29244,,Ну,НУ,PART,,,.   _Ну_ там ... идет,у,н,,,,,PART,НУ,PART,У
29245,,там,ТАМ,ADV -,,,  Ну _там_ ... идет запись,м,а,т,,,,ADV,ТАМ,ADV -,М
29246,,...,...,PUNCT,,,,,,,,,,PUNCT,,,
29247,,идет,ИДТИ,V ipf praes sg indic - 3p,,,Ну там ... _идет_ запись . ,т,е,д,и,,,V,ИДТИ,V ipf praes sg indic - 3p,И
29248,,запись,ЗАПИСЬ,S f inan nom sg,,,там ... идет _запись_ .  ,ь,с,и,п,а,з,S,ЗАПИСЬ,S f inan nom sg,Ь
29249,,.,.,PUNCT,,,,,,,,,,PUNCT,,,
29250,,,,,,,,,,,,,,,,,
29251,# sent = 2172,,,,,,,,,,,,,,,,
29252,,Потом,ПОТОМ,ADV -,,,.   _Потом_ у него был,м,о,т,о,п,,ADV,ПОТОМ,ADV -,М
29253,,у,У,PR,,,  Потом _у_ него был чип,у,,,,,,PR,У,PR,У
29254,,него,ОН,SPRO sg 3p m acc,,, Потом у _него_ был чип за,о,г,е,н,,,SPRO,ОН,SPRO sg 3p m acc,Н
29255,,был,БЫТЬ,V ipf praet sg indic m -,,,Потом у него _был_ чип за ухом,л,ы,б,,,,V,БЫТЬ,V ipf praet sg indic m -,Ь
29256,,чип,ЧИП,S m inan nom sg,,,"у него был _чип_ за ухом ,",п,и,ч,,,,S,ЧИП,S m anim nom sg,П
29257,,за,ЗА,PR,,,"него был чип _за_ ухом , я",а,з,,,,,PR,ЗА,PR,А
29258,,ухом,УХО,S n inan ins sg,,,"был чип за _ухом_ , я не",м,о,х,у,,,S,УХО,S n inan ins sg,О
29259,,",",",",PUNCT,,,,,,,,,,PUNCT,,,
29260,,я,Я,SPRO sg 1p - nom,,,"за ухом , _я_ не удивлюсь ,",я,,,,,,SPRO,Я,SPRO sg 1p - nom,Я
29261,,не,НЕ,PART,,,"ухом , я _не_ удивлюсь , если",е,н,,,,,PART,НЕ,PART,Е
29262,,удивлюсь,УДИВИТЬСЯ,V pf fut sg indic - 1p,,,", я не _удивлюсь_ , если у",ь,с,ю,л,в,и,V,УДИВИТЬСЯ,V pf fut sg indic - 1p,Я
29263,,",",",",PUNCT,,,,,,,,,,PUNCT,,,
29264,,если,ЕСЛИ,CONJ,,,"не удивлюсь , _если_ у них есть",и,л,с,е,,,CONJ,ЕСЛИ,CONJ,И
29265,,у,У,PR,,,"удивлюсь , если _у_ них есть какие-нибудь",у,,,,,,PR,У,PR,У
29266,,них,ОНИ,SPRO pl - - loc,,,", если у _них_ есть какие-нибудь уровни",х,и,н,,,,SPRO,ОНИ,SPRO pl - - loc,И
29267,,есть,БЫТЬ,V ipf praes sg indic - 3p,,,"если у них _есть_ какие-нибудь уровни ,",ь,т,с,е,,,V,БЫТЬ,V ipf praes sg indic - 3p,Ь
29268,,какие-нибудь,КАКОЙ-НИБУДЬ,APRO - nom pl plen - -,,,"у них есть _какие-нибудь_ уровни , эм",ь,д,у,б,и,н,APRO,КАКОЙ-НИБУДЬ,A - nom pl plen - -,Ь
29269,,уровни,УРОВЕНЬ,S m inan nom pl,,,"них есть какие-нибудь _уровни_ , эм ,",и,н,в,о,р,у,S,УРОВЕНЬ,S m inan nom pl,Ь
29270,,",",",",PUNCT,,,,,,,,,,PUNCT,,,
29271,,эм,ЭМ,INTJ,,,"какие-нибудь уровни , _эм_ , достоверности .",м,э,,,,,INTJ,ЭМ,S n inan nonflex -,М
29272,,",",",",PUNCT,,,,,,,,,,PUNCT,,,
29273,,достоверности,ДОСТОВЕРНОСТЬ,S f inan gen sg,,,", эм , _достоверности_ .  ",и,т,с,о,н,р,S,ДОСТОВЕРНОСТЬ,S f inan gen sg,Ь
29274,,.,.,PUNCT,,,,,,,,,,PUNCT,,,
29275,,,,,,,,,,,,,,,,,
29276,# sent = 2173,,,,,,,,,,,,,,,,
29277,,Да,ДА,PART,,,".   _Да_ , "" Промотайте",а,д,,,,,PART,ДА,PART,А
29278,,",",",",PUNCT,,,,,,,,,,PUNCT,,,
29279,,"""","""",PUNCT,,,,,,,,,,PUNCT,,,
29280,,Промотайте,ПРОМОТАТЬ,V pf - pl imper - 2p,,,"Да , "" _Промотайте_ , пожалуйста ,",е,т,й,а,т,о,V,ПРОМОТАТЬ,V pf - pl imper - 2p,Ь
29281,,",",",",PUNCT,,,,,,,,,,PUNCT,,,
29282,,пожалуйста,ПОЖАЛУЙСТА,PART,,,""" Промотайте , _пожалуйста_ , последние сутки",а,т,с,й,у,л,PART,ПОЖАЛУЙСТА,PART,А
29283,,",",",",PUNCT,,,,,,,,,,PUNCT,,,
29284,,последние,ПОСЛЕДНИЙ,A - acc pl plen - -,,,", пожалуйста , _последние_ сутки . """,е,и,н,д,е,л,A,ПОСЛЕДНИЙ,A - nom pl plen - -,Й
29285,,сутки,СУТКИ,S - inan acc pl,,,"пожалуйста , последние _сутки_ . "" ",и,к,т,у,с,,S,СУТКИ,S - inan acc pl,И
29286,,.,.,PUNCT,,,,,,,,,,PUNCT,,,
29287,,"""","""",PUNCT,,,,,,,,,,PUNCT,,,
29288,,,,,,,,,,,,,,,,,
29289,# sent = 2174,,,,,,,,,,,,,,,,
29290,,Ага,АГА,PART,,,"""   _Ага_ , неплохо .",а,г,а,,,,PART,АГА,PART,А
29291,,",",",",PUNCT,,,,,,,,,,PUNCT,,,
29292,,неплохо,НЕПЛОХО,ADV -,,," Ага , _неплохо_ .  ",о,х,о,л,п,е,ADV,НЕПЛОХО,ADV -,О
29293,,.,.,PUNCT,,,,,,,,,,PUNCT,,,
29294,,,,,,,,,,,,,,,,,
29295,# sent = 2175,,,,,,,,,,,,,,,,
29296,,"""","""",PUNCT,,,,,,,,,,PUNCT,,,
29297,,Промотайте,ПРОМОТАТЬ,V pf - pl imper - 2p,,,"  "" _Промотайте_ , пожалуйста ,",е,т,й,а,т,о,V,ПРОМОТАТЬ,V pf - pl imper - 2p,Ь
29298,,",",",",PUNCT,,,,,,,,,,PUNCT,,,
29299,,пожалуйста,ПОЖАЛУЙСТА,PART,,,""" Промотайте , _пожалуйста_ , неделю до",а,т,с,й,у,л,PART,ПОЖАЛУЙСТА,PART,А
29300,,",",",",PUNCT,,,,,,,,,,PUNCT,,,
29301,,неделю,НЕДЕЛЯ,S f inan acc sg,,,", пожалуйста , _неделю_ до этого момента",ю,л,е,д,е,н,S,НЕДЕЛЯ,S f inan acc sg,Я
29302,,до,ДО,PR,,,"пожалуйста , неделю _до_ этого момента .",о,д,,,,,PR,ДО,PR,О
29303,,этого,ЭТОТ,APRO - gen sg plen m -,,,", неделю до _этого_ момента . """,о,г,о,т,э,,APRO,ЭТОТ,A - acc sg plen m anim,Т
29304,,момента,МОМЕНТ,S m inan gen sg,,,"неделю до этого _момента_ . "" ",а,т,н,е,м,о,S,МОМЕНТ,S m inan gen sg,Т
29305,,.,.,PUNCT,,,,,,,,,,PUNCT,,,
29306,,"""","""",PUNCT,,,,,,,,,,PUNCT,,,
29307,,,,,,,,,,,,,,,,,
29308,# sent = 2176,,,,,,,,,,,,,,,,
29309,,Кстати,КСТАТИ,PARENTH,,,"""   _Кстати_ , четвертая минута",и,т,а,т,с,к,ADV,КСТАТИ,ADV -,И
29310,,",",",",PUNCT,,,,,,,,,,PUNCT,,,
29311,,четвертая,ЧЕТВЕРТЫЙ,ANUM - nom sg plen f -,,," Кстати , _четвертая_ минута идет .",я,а,т,р,е,в,ANUM,ЧЕТВЕРТЫЙ,A - nom sg plen f -,Й
29312,,минута,МИНУТА,S f inan nom sg,,,"Кстати , четвертая _минута_ идет . ",а,т,у,н,и,м,S,МИНУТА,S f inan nom sg,А
29313,,идет,ИДТИ,V ipf praes sg indic - 3p,,,", четвертая минута _идет_ .  ",т,е,д,и,,,V,ИДТИ,V ipf praes sg indic - 3p,И
29314,,.,.,PUNCT,,,,,,,,,,PUNCT,,,
29315,,,,,,,,,,,,,,,,,
29316,# sent = 2177,,,,,,,,,,,,,,,,
29317,# speaker = Софья,,,,,,,,,,,,,,,,
29318,# sent = 2178,,,,,,,,,,,,,,,,
29319,,Угу,УГУ,INTJ,,,   _Угу_ .  ,у,г,у,,,,INTJ,УГУ,INTJ,У
29320,,.,.,PUNCT,,,,,,,,,,PUNCT,,,
29321,,,,,,,,,,,,,,,,,
29322,# sent = 2179,,,,,,,,,,,,,,,,
29323,# speaker = А,,,,,,,,,,,,,,,,
29324,# sent = 2180,,,,,,,,,,,,,,,,
29325,,Интересно,ИНТЕРЕСНО,ADV -,,,   _Интересно_ ...  ,о,н,с,е,р,е,ADV,ИНТЕРЕСНО,ADV -,О
29326,,...,...,PUNCT,,,,,,,,,,PUNCT,,,
29327,,,,,,,,,,,,,,,,,
29328,# sent = 2181,,,,,,,,,,,,,,,,
29329,,Никакой,НИКАКОЙ,APRO - gen sg plen f -,,,...   _Никакой_ анонимности . ,й,о,к,а,к,и,APRO,НИКАКОЙ,A - gen sg plen f -,Й
29330,,анонимности,АНОНИМНОСТЬ,S f inan gen sg,,,  Никакой _анонимности_ .  ,и,т,с,о,н,м,S,АНОНИМНОСТЬ,S f inan gen sg,Ь
29331,,.,.,PUNCT,,,,,,,,,,PUNCT,,,
29332,,,,,,,,,,,,,,,,,
29333,# sent = 2182,,,,,,,,,,,,,,,,
29334,,Кажется,КАЖЕТСЯ,PARENTH,,,".   _Кажется_ , эти люди",я,с,т,е,ж,а,ADV,КАЖЕТСЯ,ADV -,Я
29335,,",",",",PUNCT,,,,,,,,,,PUNCT,,,
29336,,эти,ЭТОТ,APRO - nom pl plen - -,,," Кажется , _эти_ люди ничего не",и,т,э,,,,APRO,ЭТОТ,A - nom pl plen - -,Т
29337,,люди,ЧЕЛОВЕК,S m anim nom pl,,,"Кажется , эти _люди_ ничего не могут",и,д,ю,л,,,S,ЧЕЛОВЕК,S m anim nom pl,К
29338,,ничего,НИЧТО,SPRO n inan gen sg,,,", эти люди _ничего_ не могут забыть",о,г,е,ч,и,н,SPRO,НИЧТО,S n - gen sg,О
29339,,не,НЕ,PART,,,эти люди ничего _не_ могут забыть .,е,н,,,,,PART,НЕ,PART,Е
29340,,могут,МОЧЬ,V ipf praes pl indic - 3p,,,люди ничего не _могут_ забыть . ,т,у,г,о,м,,V,МОЧЬ,V ipf praes pl indic - 3p,Ь
29341,,забыть,ЗАБЫТЬ,V pf - - inf - -,,,ничего не могут _забыть_ .  ,ь,т,ы,б,а,з,V,ЗАБЫТЬ,V pf - - inf - -,Ь
29342,,.,.,PUNCT,,,,,,,,,,PUNCT,,,
29343,,,,,,,,,,,,,,,,,
29344,# sent = 2183,,,,,,,,,,,,,,,,
29345,,Они,ОНИ,SPRO pl - - nom,,,.   _Они_ записывают вообще всё,и,н,о,,,,SPRO,ОНИ,SPRO pl - - nom,И
29346,,записывают,ЗАПИСЫВАТЬ,V ipf praes pl indic - 3p,,,"  Они _записывают_ вообще всё ,",т,ю,а,в,ы,с,V,ЗАПИСЫВАТЬ,V ipf praes pl indic - 3p,Ь
29347,,вообще,ВООБЩЕ,ADV -,,," Они записывают _вообще_ всё , что",е,щ,б,о,о,в,ADV,ВООБЩЕ,ADV -,Е
29348,,всё,ВСЕ,SPRO - - acc pl,,,"Они записывают вообще _всё_ , что происходит",ё,с,в,,,,S,ВСЕ,S - - acc pl,Е
29349,,",",",",PUNCT,,,,,,,,,,PUNCT,,,
29350,,что,ЧТО,SPRO n inan acc sg,,,"вообще всё , _что_ происходит в их",о,т,ч,,,,SPRO,ЧТО,S n inan acc sg,О
29351,,происходит,ПРОИСХОДИТЬ,V ipf praes sg indic - 3p,,,"всё , что _происходит_ в их жизни",т,и,д,о,х,с,V,ПРОИСХОДИТЬ,V ipf praes sg indic - 3p,Ь
29352,,в,В,PR,,,", что происходит _в_ их жизни .",в,,,,,,PR,В,PR,В
29353,,их,ИХ,APRO,,,что происходит в _их_ жизни . ,х,и,,,,,APRO,ИХ,A - nonflex - plen - -,Х
29354,,жизни,ЖИЗНЬ,S f inan loc sg,,,происходит в их _жизни_ .  ,и,н,з,и,ж,,S,ЖИЗНЬ,S f inan loc sg,Ь
29355,,.,.,PUNCT,,,,,,,,,,PUNCT,,,
29356,,,,,,,,,,,,,,,,,
29357,# sent = 2184,,,,,,,,,,,,,,,,
29358,,У,У,PR,,,.   _У_ них есть интересные,у,,,,,,PR,У,PR,У
29359,,них,ОНИ,SPRO pl - - loc,,,  У _них_ есть интересные пульты,х,и,н,,,,SPRO,ОНИ,SPRO pl - - loc,И
29360,,есть,БЫТЬ,V ipf praes sg indic - 3p,,, У них _есть_ интересные пульты управления,ь,т,с,е,,,V,БЫТЬ,V ipf praes sg indic - 3p,Ь
29361,,интересные,ИНТЕРЕСНЫЙ,A - nom pl plen - -,,,"У них есть _интересные_ пульты управления ,",е,ы,н,с,е,р,A,ИНТЕРЕСНЫЙ,A - nom pl plen - -,Й
29362,,пульты,ПУЛЬТ,S m inan nom pl,,,"них есть интересные _пульты_ управления , чипованные",ы,т,ь,л,у,п,S,ПУЛЬТ,S m inan nom pl,Т
29363,,управления,УПРАВЛЕНИЕ,S n inan gen sg,,,"есть интересные пульты _управления_ , чипованные .",я,и,н,е,л,в,S,УПРАВЛЕНИЕ,S n inan gen sg,Е
29364,,",",",",PUNCT,,,,,,,,,,PUNCT,,,
29365,,чипованные,ЧИПОВАТЬ,PARTCP pf praet acc pl plen - pass inan,,,"пульты управления , _чипованные_ .  ",е,ы,н,н,а,в,PARTCP,ЧИПОВАТЬ,PARTCP pf praet acc pl plen - pass inan,Ь
29366,,.,.,PUNCT,,,,,,,,,,PUNCT,,,
29367,,,,,,,,,,,,,,,,,
29368,# sent = 2185,,,,,,,,,,,,,,,,
29369,,Ну,НУ,PART,,,.   _Ну_ ...  ,у,н,,,,,PART,НУ,PART,У
29370,,...,...,PUNCT,,,,,,,,,,PUNCT,,,
29371,,,,,,,,,,,,,,,,,
29372,# sent = 2186,,,,,,,,,,,,,,,,
29373,,Знаешь,ЗНАТЬ,V ipf praes sg indic - 2p,,,"...   _Знаешь_ , я ,",ь,ш,е,а,н,з,V,ЗНАТЬ,V ipf praes sg indic - 2p,Ь
29374,,",",",",PUNCT,,,,,,,,,,PUNCT,,,
29375,,я,Я,SPRO sg 1p - nom,,," Знаешь , _я_ , наверно ,",я,,,,,,SPRO,Я,SPRO sg 1p - nom,Я
29376,,",",",",PUNCT,,,,,,,,,,PUNCT,,,
29377,,наверно,НАВЕРНО,PARENTH,,,", я , _наверно_ , в будущем",о,н,р,е,в,а,ADV,НАВЕРНО,ADV -,О
29378,,",",",",PUNCT,,,,,,,,,,PUNCT,,,
29379,,в,В,PR,,,", наверно , _в_ будущем бы посмотрела",в,,,,,,PR,В,PR,В
29380,,будущем,БУДУЩЕЕ,S n inan loc sg,,,"наверно , в _будущем_ бы посмотрела этот",м,е,щ,у,д,у,S,БУДУЩЕЕ,S n inan loc sg,Е
29381,,бы,БЫ,PART,,,", в будущем _бы_ посмотрела этот сериал",ы,б,,,,,PART,БЫ,PART,Ы
29382,,посмотрела,ПОСМОТРЕТЬ,V pf praet sg indic f -,,,в будущем бы _посмотрела_ этот сериал .,а,л,е,р,т,о,V,ПОСМОТРЕТЬ,V pf praet sg indic f -,Ь
29383,,этот,ЭТОТ,APRO - acc sg plen m inan,,,будущем бы посмотрела _этот_ сериал . ,т,о,т,э,,,APRO,ЭТОТ,A - acc sg plen m inan,Т
29384,,сериал,СЕРИАЛ,S m inan acc sg,,,бы посмотрела этот _сериал_ .  ,л,а,и,р,е,с,S,СЕРИАЛ,S m inan acc sg,Л
29385,,.,.,PUNCT,,,,,,,,,,PUNCT,,,
29386,,,,,,,,,,,,,,,,,
29387,# sent = 2187,,,,,,,,,,,,,,,,
29388,,Выглядит,ВЫГЛЯДЕТЬ,V ipf praes sg indic - 3p,,,.   _Выглядит_ достаточно годно .,т,и,д,я,л,г,V,ВЫГЛЯДЕТЬ,V ipf praes sg indic - 3p,Ь
29389,,достаточно,ДОСТАТОЧНО,ADV -,,,  Выглядит _достаточно_ годно . ,о,н,ч,о,т,а,ADV,ДОСТАТОЧНО,ADV -,О
29390,,годно,ГОДНЫЙ,A - - sg brev n -,,, Выглядит достаточно _годно_ .  ,о,н,д,о,г,,A,ГОДНЫЙ,A - - sg brev n -,Й
29391,,.,.,PUNCT,,,,,,,,,,PUNCT,,,
29392,,,,,,,,,,,,,,,,,
29393,# sent = 2188,,,,,,,,,,,,,,,,
29394,# speaker = Софья,,,,,,,,,,,,,,,,
29395,# sent = 2189,,,,,,,,,,,,,,,,
29396,,Ну,НУ,PART,,,   _Ну_ чё там видео,у,н,,,,,PART,НУ,PART,У
29397,,чё,ЧЕ,SPRO n inan acc sg,,,  Ну _чё_ там видео ?,ё,ч,,,,,SPRO,ЧЕ,S n - nonflex -,Е
29398,,там,ТАМ,ADV -,,, Ну чё _там_ видео ? ,м,а,т,,,,ADV,ТАМ,ADV -,М
29399,,видео,ВИДЕО,S n inan nom sg,,,Ну чё там _видео_ ?  ,о,е,д,и,в,,S,ВИДЕО,S n inan nonflex -,О
29400,,?,?,PUNCT,,,,,,,,,,PUNCT,,,
